task,model,pooling,score_key,direction,N,pos_rate,auroc,auroc_boot_mean,auroc_ci95_lo,auroc_ci95_hi,spearman_rho_boot_mean,spearman_ci95_lo,spearman_ci95_hi,manifest_file,results_file,boot_file
medqa,biomistral,last_answer,egh_ce,1.0,1000,0.553,0.5262489330113151,0.526322097487368,0.489561513161887,0.5620633942983361,0.04546904713135492,-0.018038360831464418,0.10720439348030578,C:\Users\nikla\Desktop\Peojekt\uqlm_white_box_scorer\phase_2_medical\outputs\ablations\hidden_pooling\medqa_biomistral\last_answer\medqa_biomistral_pool_last_answer.B5000.manifest.json,C:\Users\nikla\Desktop\Peojekt\uqlm_white_box_scorer\phase_2_medical\outputs\ablations\hidden_pooling\medqa_biomistral\last_answer\medqa_biomistral_pool_last_answer.B5000.results.jsonl,C:\Users\nikla\Desktop\Peojekt\uqlm_white_box_scorer\phase_2_medical\outputs\ablations\hidden_pooling\medqa_biomistral\last_answer\medqa_biomistral_pool_last_answer.B5000.manifest.bootstrap_indices.npz
medqa,biomistral,last_answer,egh_emb_diff,-1.0,1000,0.553,0.5482015931000724,0.5483416499791659,0.5131298267331739,0.5844682856576492,0.08351218648924583,0.02268413160776389,0.1458974146701751,C:\Users\nikla\Desktop\Peojekt\uqlm_white_box_scorer\phase_2_medical\outputs\ablations\hidden_pooling\medqa_biomistral\last_answer\medqa_biomistral_pool_last_answer.B5000.manifest.json,C:\Users\nikla\Desktop\Peojekt\uqlm_white_box_scorer\phase_2_medical\outputs\ablations\hidden_pooling\medqa_biomistral\last_answer\medqa_biomistral_pool_last_answer.B5000.results.jsonl,C:\Users\nikla\Desktop\Peojekt\uqlm_white_box_scorer\phase_2_medical\outputs\ablations\hidden_pooling\medqa_biomistral\last_answer\medqa_biomistral_pool_last_answer.B5000.manifest.bootstrap_indices.npz
medqa,biomistral,last_answer,egh_entropy,1.0,1000,0.553,0.5963687998349454,0.5964465142339325,0.5607149431006793,0.6321529707796806,0.1661147800473399,0.10457274144848794,0.2276138832964276,C:\Users\nikla\Desktop\Peojekt\uqlm_white_box_scorer\phase_2_medical\outputs\ablations\hidden_pooling\medqa_biomistral\last_answer\medqa_biomistral_pool_last_answer.B5000.manifest.json,C:\Users\nikla\Desktop\Peojekt\uqlm_white_box_scorer\phase_2_medical\outputs\ablations\hidden_pooling\medqa_biomistral\last_answer\medqa_biomistral_pool_last_answer.B5000.results.jsonl,C:\Users\nikla\Desktop\Peojekt\uqlm_white_box_scorer\phase_2_medical\outputs\ablations\hidden_pooling\medqa_biomistral\last_answer\medqa_biomistral_pool_last_answer.B5000.manifest.bootstrap_indices.npz
medqa,biomistral,last_answer,egh_grad_norm,1.0,1000,0.553,0.5,0.5,0.5,0.5,,,,C:\Users\nikla\Desktop\Peojekt\uqlm_white_box_scorer\phase_2_medical\outputs\ablations\hidden_pooling\medqa_biomistral\last_answer\medqa_biomistral_pool_last_answer.B5000.manifest.json,C:\Users\nikla\Desktop\Peojekt\uqlm_white_box_scorer\phase_2_medical\outputs\ablations\hidden_pooling\medqa_biomistral\last_answer\medqa_biomistral_pool_last_answer.B5000.results.jsonl,C:\Users\nikla\Desktop\Peojekt\uqlm_white_box_scorer\phase_2_medical\outputs\ablations\hidden_pooling\medqa_biomistral\last_answer\medqa_biomistral_pool_last_answer.B5000.manifest.bootstrap_indices.npz
medqa,biomistral,last_answer,egh_kl,-1.0,1000,0.553,0.5344733424760609,0.5344633239074238,0.49876016926182587,0.5721006225954828,0.05942230117644614,-0.0021376776306703794,0.12431535171279608,C:\Users\nikla\Desktop\Peojekt\uqlm_white_box_scorer\phase_2_medical\outputs\ablations\hidden_pooling\medqa_biomistral\last_answer\medqa_biomistral_pool_last_answer.B5000.manifest.json,C:\Users\nikla\Desktop\Peojekt\uqlm_white_box_scorer\phase_2_medical\outputs\ablations\hidden_pooling\medqa_biomistral\last_answer\medqa_biomistral_pool_last_answer.B5000.results.jsonl,C:\Users\nikla\Desktop\Peojekt\uqlm_white_box_scorer\phase_2_medical\outputs\ablations\hidden_pooling\medqa_biomistral\last_answer\medqa_biomistral_pool_last_answer.B5000.manifest.bootstrap_indices.npz
medqa,biomistral,last_answer,egh_probe_e_only,1.0,1000,0.553,0.5668652984938772,0.5665613367800608,0.5302982309226469,0.6020697557758979,0.11463838764109102,0.052182547296367954,0.17579440349773698,C:\Users\nikla\Desktop\Peojekt\uqlm_white_box_scorer\phase_2_medical\outputs\ablations\hidden_pooling\medqa_biomistral\last_answer\medqa_biomistral_pool_last_answer.B5000.manifest.json,C:\Users\nikla\Desktop\Peojekt\uqlm_white_box_scorer\phase_2_medical\outputs\ablations\hidden_pooling\medqa_biomistral\last_answer\medqa_biomistral_pool_last_answer.B5000.results.jsonl,C:\Users\nikla\Desktop\Peojekt\uqlm_white_box_scorer\phase_2_medical\outputs\ablations\hidden_pooling\medqa_biomistral\last_answer\medqa_biomistral_pool_last_answer.B5000.manifest.bootstrap_indices.npz
medqa,biomistral,last_answer,egh_probe_g_only,-1.0,1000,0.553,0.5024272728376034,0.5023425780064809,0.47234613112936963,0.5326309412559519,0.004754247024347666,-0.05617899641679838,0.06618773763830602,C:\Users\nikla\Desktop\Peojekt\uqlm_white_box_scorer\phase_2_medical\outputs\ablations\hidden_pooling\medqa_biomistral\last_answer\medqa_biomistral_pool_last_answer.B5000.manifest.json,C:\Users\nikla\Desktop\Peojekt\uqlm_white_box_scorer\phase_2_medical\outputs\ablations\hidden_pooling\medqa_biomistral\last_answer\medqa_biomistral_pool_last_answer.B5000.results.jsonl,C:\Users\nikla\Desktop\Peojekt\uqlm_white_box_scorer\phase_2_medical\outputs\ablations\hidden_pooling\medqa_biomistral\last_answer\medqa_biomistral_pool_last_answer.B5000.manifest.bootstrap_indices.npz
medqa,biomistral,last_answer,egh_probe_ge,1.0,1000,0.553,0.5668652984938772,0.5665613367800608,0.5302982309226469,0.6020697557758979,0.11463838764109102,0.052182547296367954,0.17579440349773698,C:\Users\nikla\Desktop\Peojekt\uqlm_white_box_scorer\phase_2_medical\outputs\ablations\hidden_pooling\medqa_biomistral\last_answer\medqa_biomistral_pool_last_answer.B5000.manifest.json,C:\Users\nikla\Desktop\Peojekt\uqlm_white_box_scorer\phase_2_medical\outputs\ablations\hidden_pooling\medqa_biomistral\last_answer\medqa_biomistral_pool_last_answer.B5000.results.jsonl,C:\Users\nikla\Desktop\Peojekt\uqlm_white_box_scorer\phase_2_medical\outputs\ablations\hidden_pooling\medqa_biomistral\last_answer\medqa_biomistral_pool_last_answer.B5000.manifest.bootstrap_indices.npz
medqa,biomistral,last_answer,egh_probe_oof,1.0,1000,0.553,0.5668652984938772,0.5665613367800608,0.5302982309226469,0.6020697557758979,0.11463838764109102,0.052182547296367954,0.17579440349773698,C:\Users\nikla\Desktop\Peojekt\uqlm_white_box_scorer\phase_2_medical\outputs\ablations\hidden_pooling\medqa_biomistral\last_answer\medqa_biomistral_pool_last_answer.B5000.manifest.json,C:\Users\nikla\Desktop\Peojekt\uqlm_white_box_scorer\phase_2_medical\outputs\ablations\hidden_pooling\medqa_biomistral\last_answer\medqa_biomistral_pool_last_answer.B5000.results.jsonl,C:\Users\nikla\Desktop\Peojekt\uqlm_white_box_scorer\phase_2_medical\outputs\ablations\hidden_pooling\medqa_biomistral\last_answer\medqa_biomistral_pool_last_answer.B5000.manifest.bootstrap_indices.npz
medqa,biomistral,last_answer,egh_probe_scalar_only,1.0,1000,0.553,0.6057320048060002,0.605798288368104,0.5693752503125113,0.6408755274261604,0.1822160708995662,0.11948478554252415,0.24262943881146803,C:\Users\nikla\Desktop\Peojekt\uqlm_white_box_scorer\phase_2_medical\outputs\ablations\hidden_pooling\medqa_biomistral\last_answer\medqa_biomistral_pool_last_answer.B5000.manifest.json,C:\Users\nikla\Desktop\Peojekt\uqlm_white_box_scorer\phase_2_medical\outputs\ablations\hidden_pooling\medqa_biomistral\last_answer\medqa_biomistral_pool_last_answer.B5000.results.jsonl,C:\Users\nikla\Desktop\Peojekt\uqlm_white_box_scorer\phase_2_medical\outputs\ablations\hidden_pooling\medqa_biomistral\last_answer\medqa_biomistral_pool_last_answer.B5000.manifest.bootstrap_indices.npz
medqa,biomistral,last_answer,hidden_probe_oof,1.0,1000,0.553,0.5152169779644081,0.514711322823242,0.47903331836515084,0.5505557443434428,0.025337266625731818,-0.036110850523753256,0.08707200833195675,C:\Users\nikla\Desktop\Peojekt\uqlm_white_box_scorer\phase_2_medical\outputs\ablations\hidden_pooling\medqa_biomistral\last_answer\medqa_biomistral_pool_last_answer.B5000.manifest.json,C:\Users\nikla\Desktop\Peojekt\uqlm_white_box_scorer\phase_2_medical\outputs\ablations\hidden_pooling\medqa_biomistral\last_answer\medqa_biomistral_pool_last_answer.B5000.results.jsonl,C:\Users\nikla\Desktop\Peojekt\uqlm_white_box_scorer\phase_2_medical\outputs\ablations\hidden_pooling\medqa_biomistral\last_answer\medqa_biomistral_pool_last_answer.B5000.manifest.bootstrap_indices.npz
medqa,biomistral,last_answer,lntp,1.0,1000,0.553,0.5010194545917934,0.5007611474527794,0.4647801699900078,0.536776268148921,0.001311183002063725,-0.060670602761215636,0.06335182091293604,C:\Users\nikla\Desktop\Peojekt\uqlm_white_box_scorer\phase_2_medical\outputs\ablations\hidden_pooling\medqa_biomistral\last_answer\medqa_biomistral_pool_last_answer.B5000.manifest.json,C:\Users\nikla\Desktop\Peojekt\uqlm_white_box_scorer\phase_2_medical\outputs\ablations\hidden_pooling\medqa_biomistral\last_answer\medqa_biomistral_pool_last_answer.B5000.results.jsonl,C:\Users\nikla\Desktop\Peojekt\uqlm_white_box_scorer\phase_2_medical\outputs\ablations\hidden_pooling\medqa_biomistral\last_answer\medqa_biomistral_pool_last_answer.B5000.manifest.bootstrap_indices.npz
medqa,biomistral,last_answer,mtp,1.0,1000,0.553,0.5010194545917934,0.5007611474527794,0.4647801699900078,0.536776268148921,0.001311183002063725,-0.060670602761215636,0.06335182091293604,C:\Users\nikla\Desktop\Peojekt\uqlm_white_box_scorer\phase_2_medical\outputs\ablations\hidden_pooling\medqa_biomistral\last_answer\medqa_biomistral_pool_last_answer.B5000.manifest.json,C:\Users\nikla\Desktop\Peojekt\uqlm_white_box_scorer\phase_2_medical\outputs\ablations\hidden_pooling\medqa_biomistral\last_answer\medqa_biomistral_pool_last_answer.B5000.results.jsonl,C:\Users\nikla\Desktop\Peojekt\uqlm_white_box_scorer\phase_2_medical\outputs\ablations\hidden_pooling\medqa_biomistral\last_answer\medqa_biomistral_pool_last_answer.B5000.manifest.bootstrap_indices.npz
medqa,biomistral,mean_all,egh_ce,1.0,1000,0.553,0.5262489330113151,0.526322097487368,0.489561513161887,0.5620633942983361,0.04546904713135492,-0.018038360831464418,0.10720439348030578,C:\Users\nikla\Desktop\Peojekt\uqlm_white_box_scorer\phase_2_medical\outputs\ablations\hidden_pooling\medqa_biomistral\mean_all\medqa_biomistral_pool_mean_all.B5000.manifest.json,C:\Users\nikla\Desktop\Peojekt\uqlm_white_box_scorer\phase_2_medical\outputs\ablations\hidden_pooling\medqa_biomistral\mean_all\medqa_biomistral_pool_mean_all.B5000.results.jsonl,C:\Users\nikla\Desktop\Peojekt\uqlm_white_box_scorer\phase_2_medical\outputs\ablations\hidden_pooling\medqa_biomistral\mean_all\medqa_biomistral_pool_mean_all.B5000.manifest.bootstrap_indices.npz
medqa,biomistral,mean_all,egh_emb_diff,-1.0,1000,0.553,0.5482015931000724,0.5483416499791659,0.5131298267331739,0.5844682856576492,0.08351218648924583,0.02268413160776389,0.1458974146701751,C:\Users\nikla\Desktop\Peojekt\uqlm_white_box_scorer\phase_2_medical\outputs\ablations\hidden_pooling\medqa_biomistral\mean_all\medqa_biomistral_pool_mean_all.B5000.manifest.json,C:\Users\nikla\Desktop\Peojekt\uqlm_white_box_scorer\phase_2_medical\outputs\ablations\hidden_pooling\medqa_biomistral\mean_all\medqa_biomistral_pool_mean_all.B5000.results.jsonl,C:\Users\nikla\Desktop\Peojekt\uqlm_white_box_scorer\phase_2_medical\outputs\ablations\hidden_pooling\medqa_biomistral\mean_all\medqa_biomistral_pool_mean_all.B5000.manifest.bootstrap_indices.npz
medqa,biomistral,mean_all,egh_entropy,1.0,1000,0.553,0.5963687998349454,0.5964465142339325,0.5607149431006793,0.6321529707796806,0.1661147800473399,0.10457274144848794,0.2276138832964276,C:\Users\nikla\Desktop\Peojekt\uqlm_white_box_scorer\phase_2_medical\outputs\ablations\hidden_pooling\medqa_biomistral\mean_all\medqa_biomistral_pool_mean_all.B5000.manifest.json,C:\Users\nikla\Desktop\Peojekt\uqlm_white_box_scorer\phase_2_medical\outputs\ablations\hidden_pooling\medqa_biomistral\mean_all\medqa_biomistral_pool_mean_all.B5000.results.jsonl,C:\Users\nikla\Desktop\Peojekt\uqlm_white_box_scorer\phase_2_medical\outputs\ablations\hidden_pooling\medqa_biomistral\mean_all\medqa_biomistral_pool_mean_all.B5000.manifest.bootstrap_indices.npz
medqa,biomistral,mean_all,egh_grad_norm,1.0,1000,0.553,0.5,0.5,0.5,0.5,,,,C:\Users\nikla\Desktop\Peojekt\uqlm_white_box_scorer\phase_2_medical\outputs\ablations\hidden_pooling\medqa_biomistral\mean_all\medqa_biomistral_pool_mean_all.B5000.manifest.json,C:\Users\nikla\Desktop\Peojekt\uqlm_white_box_scorer\phase_2_medical\outputs\ablations\hidden_pooling\medqa_biomistral\mean_all\medqa_biomistral_pool_mean_all.B5000.results.jsonl,C:\Users\nikla\Desktop\Peojekt\uqlm_white_box_scorer\phase_2_medical\outputs\ablations\hidden_pooling\medqa_biomistral\mean_all\medqa_biomistral_pool_mean_all.B5000.manifest.bootstrap_indices.npz
medqa,biomistral,mean_all,egh_kl,-1.0,1000,0.553,0.5344733424760609,0.5344633239074238,0.49876016926182587,0.5721006225954828,0.05942230117644614,-0.0021376776306703794,0.12431535171279608,C:\Users\nikla\Desktop\Peojekt\uqlm_white_box_scorer\phase_2_medical\outputs\ablations\hidden_pooling\medqa_biomistral\mean_all\medqa_biomistral_pool_mean_all.B5000.manifest.json,C:\Users\nikla\Desktop\Peojekt\uqlm_white_box_scorer\phase_2_medical\outputs\ablations\hidden_pooling\medqa_biomistral\mean_all\medqa_biomistral_pool_mean_all.B5000.results.jsonl,C:\Users\nikla\Desktop\Peojekt\uqlm_white_box_scorer\phase_2_medical\outputs\ablations\hidden_pooling\medqa_biomistral\mean_all\medqa_biomistral_pool_mean_all.B5000.manifest.bootstrap_indices.npz
medqa,biomistral,mean_all,egh_probe_e_only,1.0,1000,0.553,0.5668652984938772,0.5665613367800608,0.5302982309226469,0.6020697557758979,0.11463838764109102,0.052182547296367954,0.17579440349773698,C:\Users\nikla\Desktop\Peojekt\uqlm_white_box_scorer\phase_2_medical\outputs\ablations\hidden_pooling\medqa_biomistral\mean_all\medqa_biomistral_pool_mean_all.B5000.manifest.json,C:\Users\nikla\Desktop\Peojekt\uqlm_white_box_scorer\phase_2_medical\outputs\ablations\hidden_pooling\medqa_biomistral\mean_all\medqa_biomistral_pool_mean_all.B5000.results.jsonl,C:\Users\nikla\Desktop\Peojekt\uqlm_white_box_scorer\phase_2_medical\outputs\ablations\hidden_pooling\medqa_biomistral\mean_all\medqa_biomistral_pool_mean_all.B5000.manifest.bootstrap_indices.npz
medqa,biomistral,mean_all,egh_probe_g_only,-1.0,1000,0.553,0.5024272728376034,0.5023425780064809,0.47234613112936963,0.5326309412559519,0.004754247024347666,-0.05617899641679838,0.06618773763830602,C:\Users\nikla\Desktop\Peojekt\uqlm_white_box_scorer\phase_2_medical\outputs\ablations\hidden_pooling\medqa_biomistral\mean_all\medqa_biomistral_pool_mean_all.B5000.manifest.json,C:\Users\nikla\Desktop\Peojekt\uqlm_white_box_scorer\phase_2_medical\outputs\ablations\hidden_pooling\medqa_biomistral\mean_all\medqa_biomistral_pool_mean_all.B5000.results.jsonl,C:\Users\nikla\Desktop\Peojekt\uqlm_white_box_scorer\phase_2_medical\outputs\ablations\hidden_pooling\medqa_biomistral\mean_all\medqa_biomistral_pool_mean_all.B5000.manifest.bootstrap_indices.npz
medqa,biomistral,mean_all,egh_probe_ge,1.0,1000,0.553,0.5668652984938772,0.5665613367800608,0.5302982309226469,0.6020697557758979,0.11463838764109102,0.052182547296367954,0.17579440349773698,C:\Users\nikla\Desktop\Peojekt\uqlm_white_box_scorer\phase_2_medical\outputs\ablations\hidden_pooling\medqa_biomistral\mean_all\medqa_biomistral_pool_mean_all.B5000.manifest.json,C:\Users\nikla\Desktop\Peojekt\uqlm_white_box_scorer\phase_2_medical\outputs\ablations\hidden_pooling\medqa_biomistral\mean_all\medqa_biomistral_pool_mean_all.B5000.results.jsonl,C:\Users\nikla\Desktop\Peojekt\uqlm_white_box_scorer\phase_2_medical\outputs\ablations\hidden_pooling\medqa_biomistral\mean_all\medqa_biomistral_pool_mean_all.B5000.manifest.bootstrap_indices.npz
medqa,biomistral,mean_all,egh_probe_oof,1.0,1000,0.553,0.5668652984938772,0.5665613367800608,0.5302982309226469,0.6020697557758979,0.11463838764109102,0.052182547296367954,0.17579440349773698,C:\Users\nikla\Desktop\Peojekt\uqlm_white_box_scorer\phase_2_medical\outputs\ablations\hidden_pooling\medqa_biomistral\mean_all\medqa_biomistral_pool_mean_all.B5000.manifest.json,C:\Users\nikla\Desktop\Peojekt\uqlm_white_box_scorer\phase_2_medical\outputs\ablations\hidden_pooling\medqa_biomistral\mean_all\medqa_biomistral_pool_mean_all.B5000.results.jsonl,C:\Users\nikla\Desktop\Peojekt\uqlm_white_box_scorer\phase_2_medical\outputs\ablations\hidden_pooling\medqa_biomistral\mean_all\medqa_biomistral_pool_mean_all.B5000.manifest.bootstrap_indices.npz
medqa,biomistral,mean_all,egh_probe_scalar_only,1.0,1000,0.553,0.6057320048060002,0.605798288368104,0.5693752503125113,0.6408755274261604,0.1822160708995662,0.11948478554252415,0.24262943881146803,C:\Users\nikla\Desktop\Peojekt\uqlm_white_box_scorer\phase_2_medical\outputs\ablations\hidden_pooling\medqa_biomistral\mean_all\medqa_biomistral_pool_mean_all.B5000.manifest.json,C:\Users\nikla\Desktop\Peojekt\uqlm_white_box_scorer\phase_2_medical\outputs\ablations\hidden_pooling\medqa_biomistral\mean_all\medqa_biomistral_pool_mean_all.B5000.results.jsonl,C:\Users\nikla\Desktop\Peojekt\uqlm_white_box_scorer\phase_2_medical\outputs\ablations\hidden_pooling\medqa_biomistral\mean_all\medqa_biomistral_pool_mean_all.B5000.manifest.bootstrap_indices.npz
medqa,biomistral,mean_all,hidden_probe_oof,-1.0,1000,0.553,0.516875614403437,0.5171575389071609,0.48051709002350407,0.5529541933160997,0.02955037693994941,-0.03355535707712947,0.0912028302693944,C:\Users\nikla\Desktop\Peojekt\uqlm_white_box_scorer\phase_2_medical\outputs\ablations\hidden_pooling\medqa_biomistral\mean_all\medqa_biomistral_pool_mean_all.B5000.manifest.json,C:\Users\nikla\Desktop\Peojekt\uqlm_white_box_scorer\phase_2_medical\outputs\ablations\hidden_pooling\medqa_biomistral\mean_all\medqa_biomistral_pool_mean_all.B5000.results.jsonl,C:\Users\nikla\Desktop\Peojekt\uqlm_white_box_scorer\phase_2_medical\outputs\ablations\hidden_pooling\medqa_biomistral\mean_all\medqa_biomistral_pool_mean_all.B5000.manifest.bootstrap_indices.npz
medqa,biomistral,mean_all,lntp,1.0,1000,0.553,0.5010194545917934,0.5007611474527794,0.4647801699900078,0.536776268148921,0.001311183002063725,-0.060670602761215636,0.06335182091293604,C:\Users\nikla\Desktop\Peojekt\uqlm_white_box_scorer\phase_2_medical\outputs\ablations\hidden_pooling\medqa_biomistral\mean_all\medqa_biomistral_pool_mean_all.B5000.manifest.json,C:\Users\nikla\Desktop\Peojekt\uqlm_white_box_scorer\phase_2_medical\outputs\ablations\hidden_pooling\medqa_biomistral\mean_all\medqa_biomistral_pool_mean_all.B5000.results.jsonl,C:\Users\nikla\Desktop\Peojekt\uqlm_white_box_scorer\phase_2_medical\outputs\ablations\hidden_pooling\medqa_biomistral\mean_all\medqa_biomistral_pool_mean_all.B5000.manifest.bootstrap_indices.npz
medqa,biomistral,mean_all,mtp,1.0,1000,0.553,0.5010194545917934,0.5007611474527794,0.4647801699900078,0.536776268148921,0.001311183002063725,-0.060670602761215636,0.06335182091293604,C:\Users\nikla\Desktop\Peojekt\uqlm_white_box_scorer\phase_2_medical\outputs\ablations\hidden_pooling\medqa_biomistral\mean_all\medqa_biomistral_pool_mean_all.B5000.manifest.json,C:\Users\nikla\Desktop\Peojekt\uqlm_white_box_scorer\phase_2_medical\outputs\ablations\hidden_pooling\medqa_biomistral\mean_all\medqa_biomistral_pool_mean_all.B5000.results.jsonl,C:\Users\nikla\Desktop\Peojekt\uqlm_white_box_scorer\phase_2_medical\outputs\ablations\hidden_pooling\medqa_biomistral\mean_all\medqa_biomistral_pool_mean_all.B5000.manifest.bootstrap_indices.npz
medqa,biomistral,mean_answer,egh_ce,1.0,1000,0.553,0.5262489330113151,0.526322097487368,0.489561513161887,0.5620633942983361,0.04546904713135492,-0.018038360831464418,0.10720439348030578,C:\Users\nikla\Desktop\Peojekt\uqlm_white_box_scorer\phase_2_medical\outputs\ablations\hidden_pooling\medqa_biomistral\mean_answer\medqa_biomistral_pool_mean_answer.B5000.manifest.json,C:\Users\nikla\Desktop\Peojekt\uqlm_white_box_scorer\phase_2_medical\outputs\ablations\hidden_pooling\medqa_biomistral\mean_answer\medqa_biomistral_pool_mean_answer.B5000.results.jsonl,C:\Users\nikla\Desktop\Peojekt\uqlm_white_box_scorer\phase_2_medical\outputs\ablations\hidden_pooling\medqa_biomistral\mean_answer\medqa_biomistral_pool_mean_answer.B5000.manifest.bootstrap_indices.npz
medqa,biomistral,mean_answer,egh_emb_diff,-1.0,1000,0.553,0.5482015931000724,0.5483416499791659,0.5131298267331739,0.5844682856576492,0.08351218648924583,0.02268413160776389,0.1458974146701751,C:\Users\nikla\Desktop\Peojekt\uqlm_white_box_scorer\phase_2_medical\outputs\ablations\hidden_pooling\medqa_biomistral\mean_answer\medqa_biomistral_pool_mean_answer.B5000.manifest.json,C:\Users\nikla\Desktop\Peojekt\uqlm_white_box_scorer\phase_2_medical\outputs\ablations\hidden_pooling\medqa_biomistral\mean_answer\medqa_biomistral_pool_mean_answer.B5000.results.jsonl,C:\Users\nikla\Desktop\Peojekt\uqlm_white_box_scorer\phase_2_medical\outputs\ablations\hidden_pooling\medqa_biomistral\mean_answer\medqa_biomistral_pool_mean_answer.B5000.manifest.bootstrap_indices.npz
medqa,biomistral,mean_answer,egh_entropy,1.0,1000,0.553,0.5963687998349454,0.5964465142339325,0.5607149431006793,0.6321529707796806,0.1661147800473399,0.10457274144848794,0.2276138832964276,C:\Users\nikla\Desktop\Peojekt\uqlm_white_box_scorer\phase_2_medical\outputs\ablations\hidden_pooling\medqa_biomistral\mean_answer\medqa_biomistral_pool_mean_answer.B5000.manifest.json,C:\Users\nikla\Desktop\Peojekt\uqlm_white_box_scorer\phase_2_medical\outputs\ablations\hidden_pooling\medqa_biomistral\mean_answer\medqa_biomistral_pool_mean_answer.B5000.results.jsonl,C:\Users\nikla\Desktop\Peojekt\uqlm_white_box_scorer\phase_2_medical\outputs\ablations\hidden_pooling\medqa_biomistral\mean_answer\medqa_biomistral_pool_mean_answer.B5000.manifest.bootstrap_indices.npz
medqa,biomistral,mean_answer,egh_grad_norm,1.0,1000,0.553,0.5,0.5,0.5,0.5,,,,C:\Users\nikla\Desktop\Peojekt\uqlm_white_box_scorer\phase_2_medical\outputs\ablations\hidden_pooling\medqa_biomistral\mean_answer\medqa_biomistral_pool_mean_answer.B5000.manifest.json,C:\Users\nikla\Desktop\Peojekt\uqlm_white_box_scorer\phase_2_medical\outputs\ablations\hidden_pooling\medqa_biomistral\mean_answer\medqa_biomistral_pool_mean_answer.B5000.results.jsonl,C:\Users\nikla\Desktop\Peojekt\uqlm_white_box_scorer\phase_2_medical\outputs\ablations\hidden_pooling\medqa_biomistral\mean_answer\medqa_biomistral_pool_mean_answer.B5000.manifest.bootstrap_indices.npz
medqa,biomistral,mean_answer,egh_kl,-1.0,1000,0.553,0.5344733424760609,0.5344633239074238,0.49876016926182587,0.5721006225954828,0.05942230117644614,-0.0021376776306703794,0.12431535171279608,C:\Users\nikla\Desktop\Peojekt\uqlm_white_box_scorer\phase_2_medical\outputs\ablations\hidden_pooling\medqa_biomistral\mean_answer\medqa_biomistral_pool_mean_answer.B5000.manifest.json,C:\Users\nikla\Desktop\Peojekt\uqlm_white_box_scorer\phase_2_medical\outputs\ablations\hidden_pooling\medqa_biomistral\mean_answer\medqa_biomistral_pool_mean_answer.B5000.results.jsonl,C:\Users\nikla\Desktop\Peojekt\uqlm_white_box_scorer\phase_2_medical\outputs\ablations\hidden_pooling\medqa_biomistral\mean_answer\medqa_biomistral_pool_mean_answer.B5000.manifest.bootstrap_indices.npz
medqa,biomistral,mean_answer,egh_probe_e_only,1.0,1000,0.553,0.5668652984938772,0.5665613367800608,0.5302982309226469,0.6020697557758979,0.11463838764109102,0.052182547296367954,0.17579440349773698,C:\Users\nikla\Desktop\Peojekt\uqlm_white_box_scorer\phase_2_medical\outputs\ablations\hidden_pooling\medqa_biomistral\mean_answer\medqa_biomistral_pool_mean_answer.B5000.manifest.json,C:\Users\nikla\Desktop\Peojekt\uqlm_white_box_scorer\phase_2_medical\outputs\ablations\hidden_pooling\medqa_biomistral\mean_answer\medqa_biomistral_pool_mean_answer.B5000.results.jsonl,C:\Users\nikla\Desktop\Peojekt\uqlm_white_box_scorer\phase_2_medical\outputs\ablations\hidden_pooling\medqa_biomistral\mean_answer\medqa_biomistral_pool_mean_answer.B5000.manifest.bootstrap_indices.npz
medqa,biomistral,mean_answer,egh_probe_g_only,-1.0,1000,0.553,0.5024272728376034,0.5023425780064809,0.47234613112936963,0.5326309412559519,0.004754247024347666,-0.05617899641679838,0.06618773763830602,C:\Users\nikla\Desktop\Peojekt\uqlm_white_box_scorer\phase_2_medical\outputs\ablations\hidden_pooling\medqa_biomistral\mean_answer\medqa_biomistral_pool_mean_answer.B5000.manifest.json,C:\Users\nikla\Desktop\Peojekt\uqlm_white_box_scorer\phase_2_medical\outputs\ablations\hidden_pooling\medqa_biomistral\mean_answer\medqa_biomistral_pool_mean_answer.B5000.results.jsonl,C:\Users\nikla\Desktop\Peojekt\uqlm_white_box_scorer\phase_2_medical\outputs\ablations\hidden_pooling\medqa_biomistral\mean_answer\medqa_biomistral_pool_mean_answer.B5000.manifest.bootstrap_indices.npz
medqa,biomistral,mean_answer,egh_probe_ge,1.0,1000,0.553,0.5668652984938772,0.5665613367800608,0.5302982309226469,0.6020697557758979,0.11463838764109102,0.052182547296367954,0.17579440349773698,C:\Users\nikla\Desktop\Peojekt\uqlm_white_box_scorer\phase_2_medical\outputs\ablations\hidden_pooling\medqa_biomistral\mean_answer\medqa_biomistral_pool_mean_answer.B5000.manifest.json,C:\Users\nikla\Desktop\Peojekt\uqlm_white_box_scorer\phase_2_medical\outputs\ablations\hidden_pooling\medqa_biomistral\mean_answer\medqa_biomistral_pool_mean_answer.B5000.results.jsonl,C:\Users\nikla\Desktop\Peojekt\uqlm_white_box_scorer\phase_2_medical\outputs\ablations\hidden_pooling\medqa_biomistral\mean_answer\medqa_biomistral_pool_mean_answer.B5000.manifest.bootstrap_indices.npz
medqa,biomistral,mean_answer,egh_probe_oof,1.0,1000,0.553,0.5668652984938772,0.5665613367800608,0.5302982309226469,0.6020697557758979,0.11463838764109102,0.052182547296367954,0.17579440349773698,C:\Users\nikla\Desktop\Peojekt\uqlm_white_box_scorer\phase_2_medical\outputs\ablations\hidden_pooling\medqa_biomistral\mean_answer\medqa_biomistral_pool_mean_answer.B5000.manifest.json,C:\Users\nikla\Desktop\Peojekt\uqlm_white_box_scorer\phase_2_medical\outputs\ablations\hidden_pooling\medqa_biomistral\mean_answer\medqa_biomistral_pool_mean_answer.B5000.results.jsonl,C:\Users\nikla\Desktop\Peojekt\uqlm_white_box_scorer\phase_2_medical\outputs\ablations\hidden_pooling\medqa_biomistral\mean_answer\medqa_biomistral_pool_mean_answer.B5000.manifest.bootstrap_indices.npz
medqa,biomistral,mean_answer,egh_probe_scalar_only,1.0,1000,0.553,0.6057320048060002,0.605798288368104,0.5693752503125113,0.6408755274261604,0.1822160708995662,0.11948478554252415,0.24262943881146803,C:\Users\nikla\Desktop\Peojekt\uqlm_white_box_scorer\phase_2_medical\outputs\ablations\hidden_pooling\medqa_biomistral\mean_answer\medqa_biomistral_pool_mean_answer.B5000.manifest.json,C:\Users\nikla\Desktop\Peojekt\uqlm_white_box_scorer\phase_2_medical\outputs\ablations\hidden_pooling\medqa_biomistral\mean_answer\medqa_biomistral_pool_mean_answer.B5000.results.jsonl,C:\Users\nikla\Desktop\Peojekt\uqlm_white_box_scorer\phase_2_medical\outputs\ablations\hidden_pooling\medqa_biomistral\mean_answer\medqa_biomistral_pool_mean_answer.B5000.manifest.bootstrap_indices.npz
medqa,biomistral,mean_answer,hidden_probe_oof,1.0,1000,0.553,0.5152169779644081,0.514711322823242,0.47903331836515084,0.5505557443434428,0.025337266625731818,-0.036110850523753256,0.08707200833195675,C:\Users\nikla\Desktop\Peojekt\uqlm_white_box_scorer\phase_2_medical\outputs\ablations\hidden_pooling\medqa_biomistral\mean_answer\medqa_biomistral_pool_mean_answer.B5000.manifest.json,C:\Users\nikla\Desktop\Peojekt\uqlm_white_box_scorer\phase_2_medical\outputs\ablations\hidden_pooling\medqa_biomistral\mean_answer\medqa_biomistral_pool_mean_answer.B5000.results.jsonl,C:\Users\nikla\Desktop\Peojekt\uqlm_white_box_scorer\phase_2_medical\outputs\ablations\hidden_pooling\medqa_biomistral\mean_answer\medqa_biomistral_pool_mean_answer.B5000.manifest.bootstrap_indices.npz
medqa,biomistral,mean_answer,lntp,1.0,1000,0.553,0.5010194545917934,0.5007611474527794,0.4647801699900078,0.536776268148921,0.001311183002063725,-0.060670602761215636,0.06335182091293604,C:\Users\nikla\Desktop\Peojekt\uqlm_white_box_scorer\phase_2_medical\outputs\ablations\hidden_pooling\medqa_biomistral\mean_answer\medqa_biomistral_pool_mean_answer.B5000.manifest.json,C:\Users\nikla\Desktop\Peojekt\uqlm_white_box_scorer\phase_2_medical\outputs\ablations\hidden_pooling\medqa_biomistral\mean_answer\medqa_biomistral_pool_mean_answer.B5000.results.jsonl,C:\Users\nikla\Desktop\Peojekt\uqlm_white_box_scorer\phase_2_medical\outputs\ablations\hidden_pooling\medqa_biomistral\mean_answer\medqa_biomistral_pool_mean_answer.B5000.manifest.bootstrap_indices.npz
medqa,biomistral,mean_answer,mtp,1.0,1000,0.553,0.5010194545917934,0.5007611474527794,0.4647801699900078,0.536776268148921,0.001311183002063725,-0.060670602761215636,0.06335182091293604,C:\Users\nikla\Desktop\Peojekt\uqlm_white_box_scorer\phase_2_medical\outputs\ablations\hidden_pooling\medqa_biomistral\mean_answer\medqa_biomistral_pool_mean_answer.B5000.manifest.json,C:\Users\nikla\Desktop\Peojekt\uqlm_white_box_scorer\phase_2_medical\outputs\ablations\hidden_pooling\medqa_biomistral\mean_answer\medqa_biomistral_pool_mean_answer.B5000.results.jsonl,C:\Users\nikla\Desktop\Peojekt\uqlm_white_box_scorer\phase_2_medical\outputs\ablations\hidden_pooling\medqa_biomistral\mean_answer\medqa_biomistral_pool_mean_answer.B5000.manifest.bootstrap_indices.npz
medqa,mistral,last_answer,egh_ce,1.0,1000,0.498,0.5543848701579225,0.5543294504712075,0.5191581065297044,0.5896885350165603,0.09463512552557318,0.03337463790399515,0.15625643401783565,C:\Users\nikla\Desktop\Peojekt\uqlm_white_box_scorer\phase_2_medical\outputs\ablations\hidden_pooling\medqa_mistral\last_answer\medqa_mistral_pool_last_answer.B5000.manifest.json,C:\Users\nikla\Desktop\Peojekt\uqlm_white_box_scorer\phase_2_medical\outputs\ablations\hidden_pooling\medqa_mistral\last_answer\medqa_mistral_pool_last_answer.B5000.results.jsonl,C:\Users\nikla\Desktop\Peojekt\uqlm_white_box_scorer\phase_2_medical\outputs\ablations\hidden_pooling\medqa_mistral\last_answer\medqa_mistral_pool_last_answer.B5000.manifest.bootstrap_indices.npz
medqa,mistral,last_answer,egh_emb_diff,1.0,1000,0.498,0.5352865645850333,0.535221137938207,0.49946199139186226,0.5705712291396662,0.061358596740407105,-0.0009370340078546658,0.12295777616820719,C:\Users\nikla\Desktop\Peojekt\uqlm_white_box_scorer\phase_2_medical\outputs\ablations\hidden_pooling\medqa_mistral\last_answer\medqa_mistral_pool_last_answer.B5000.manifest.json,C:\Users\nikla\Desktop\Peojekt\uqlm_white_box_scorer\phase_2_medical\outputs\ablations\hidden_pooling\medqa_mistral\last_answer\medqa_mistral_pool_last_answer.B5000.results.jsonl,C:\Users\nikla\Desktop\Peojekt\uqlm_white_box_scorer\phase_2_medical\outputs\ablations\hidden_pooling\medqa_mistral\last_answer\medqa_mistral_pool_last_answer.B5000.manifest.bootstrap_indices.npz
medqa,mistral,last_answer,egh_entropy,1.0,1000,0.498,0.5738871821949152,0.5739884738155809,0.5378278052448839,0.6094903518456295,0.12815267846222705,0.06552006880235815,0.18964403540602728,C:\Users\nikla\Desktop\Peojekt\uqlm_white_box_scorer\phase_2_medical\outputs\ablations\hidden_pooling\medqa_mistral\last_answer\medqa_mistral_pool_last_answer.B5000.manifest.json,C:\Users\nikla\Desktop\Peojekt\uqlm_white_box_scorer\phase_2_medical\outputs\ablations\hidden_pooling\medqa_mistral\last_answer\medqa_mistral_pool_last_answer.B5000.results.jsonl,C:\Users\nikla\Desktop\Peojekt\uqlm_white_box_scorer\phase_2_medical\outputs\ablations\hidden_pooling\medqa_mistral\last_answer\medqa_mistral_pool_last_answer.B5000.manifest.bootstrap_indices.npz
medqa,mistral,last_answer,egh_grad_norm,1.0,1000,0.498,0.5020080321285141,0.502017670682731,0.5,0.5050200803212851,0.046689744828482066,0.03176540838213386,0.07117209930370103,C:\Users\nikla\Desktop\Peojekt\uqlm_white_box_scorer\phase_2_medical\outputs\ablations\hidden_pooling\medqa_mistral\last_answer\medqa_mistral_pool_last_answer.B5000.manifest.json,C:\Users\nikla\Desktop\Peojekt\uqlm_white_box_scorer\phase_2_medical\outputs\ablations\hidden_pooling\medqa_mistral\last_answer\medqa_mistral_pool_last_answer.B5000.results.jsonl,C:\Users\nikla\Desktop\Peojekt\uqlm_white_box_scorer\phase_2_medical\outputs\ablations\hidden_pooling\medqa_mistral\last_answer\medqa_mistral_pool_last_answer.B5000.manifest.bootstrap_indices.npz
medqa,mistral,last_answer,egh_kl,-1.0,1000,0.498,0.5450887214195427,0.5452185574969199,0.509367849885598,0.581081697307157,0.0784115415203358,0.016245411109229016,0.14058089114109268,C:\Users\nikla\Desktop\Peojekt\uqlm_white_box_scorer\phase_2_medical\outputs\ablations\hidden_pooling\medqa_mistral\last_answer\medqa_mistral_pool_last_answer.B5000.manifest.json,C:\Users\nikla\Desktop\Peojekt\uqlm_white_box_scorer\phase_2_medical\outputs\ablations\hidden_pooling\medqa_mistral\last_answer\medqa_mistral_pool_last_answer.B5000.results.jsonl,C:\Users\nikla\Desktop\Peojekt\uqlm_white_box_scorer\phase_2_medical\outputs\ablations\hidden_pooling\medqa_mistral\last_answer\medqa_mistral_pool_last_answer.B5000.manifest.bootstrap_indices.npz
medqa,mistral,last_answer,egh_probe_e_only,1.0,1000,0.498,0.5978415654650474,0.5977413526616425,0.5620886934190946,0.6336808388934222,0.16929205671445435,0.10754019794231133,0.23154072454767383,C:\Users\nikla\Desktop\Peojekt\uqlm_white_box_scorer\phase_2_medical\outputs\ablations\hidden_pooling\medqa_mistral\last_answer\medqa_mistral_pool_last_answer.B5000.manifest.json,C:\Users\nikla\Desktop\Peojekt\uqlm_white_box_scorer\phase_2_medical\outputs\ablations\hidden_pooling\medqa_mistral\last_answer\medqa_mistral_pool_last_answer.B5000.results.jsonl,C:\Users\nikla\Desktop\Peojekt\uqlm_white_box_scorer\phase_2_medical\outputs\ablations\hidden_pooling\medqa_mistral\last_answer\medqa_mistral_pool_last_answer.B5000.manifest.bootstrap_indices.npz
medqa,mistral,last_answer,egh_probe_g_only,1.0,1000,0.498,0.5000160002560041,0.5001030944495112,0.46400907414518633,0.5349416090657451,0.000182070490165203,-0.06362822681667397,0.061810721292303215,C:\Users\nikla\Desktop\Peojekt\uqlm_white_box_scorer\phase_2_medical\outputs\ablations\hidden_pooling\medqa_mistral\last_answer\medqa_mistral_pool_last_answer.B5000.manifest.json,C:\Users\nikla\Desktop\Peojekt\uqlm_white_box_scorer\phase_2_medical\outputs\ablations\hidden_pooling\medqa_mistral\last_answer\medqa_mistral_pool_last_answer.B5000.results.jsonl,C:\Users\nikla\Desktop\Peojekt\uqlm_white_box_scorer\phase_2_medical\outputs\ablations\hidden_pooling\medqa_mistral\last_answer\medqa_mistral_pool_last_answer.B5000.manifest.bootstrap_indices.npz
medqa,mistral,last_answer,egh_probe_ge,1.0,1000,0.498,0.5981375702011232,0.5980336709387349,0.5622367957887326,0.6341342461479383,0.16979836507468085,0.1077967118163903,0.2323261016174188,C:\Users\nikla\Desktop\Peojekt\uqlm_white_box_scorer\phase_2_medical\outputs\ablations\hidden_pooling\medqa_mistral\last_answer\medqa_mistral_pool_last_answer.B5000.manifest.json,C:\Users\nikla\Desktop\Peojekt\uqlm_white_box_scorer\phase_2_medical\outputs\ablations\hidden_pooling\medqa_mistral\last_answer\medqa_mistral_pool_last_answer.B5000.results.jsonl,C:\Users\nikla\Desktop\Peojekt\uqlm_white_box_scorer\phase_2_medical\outputs\ablations\hidden_pooling\medqa_mistral\last_answer\medqa_mistral_pool_last_answer.B5000.manifest.bootstrap_indices.npz
medqa,mistral,last_answer,egh_probe_oof,1.0,1000,0.498,0.5981375702011232,0.5980336709387349,0.5622367957887326,0.6341342461479383,0.16979836507468085,0.1077967118163903,0.2323261016174188,C:\Users\nikla\Desktop\Peojekt\uqlm_white_box_scorer\phase_2_medical\outputs\ablations\hidden_pooling\medqa_mistral\last_answer\medqa_mistral_pool_last_answer.B5000.manifest.json,C:\Users\nikla\Desktop\Peojekt\uqlm_white_box_scorer\phase_2_medical\outputs\ablations\hidden_pooling\medqa_mistral\last_answer\medqa_mistral_pool_last_answer.B5000.results.jsonl,C:\Users\nikla\Desktop\Peojekt\uqlm_white_box_scorer\phase_2_medical\outputs\ablations\hidden_pooling\medqa_mistral\last_answer\medqa_mistral_pool_last_answer.B5000.manifest.bootstrap_indices.npz
medqa,mistral,last_answer,egh_probe_scalar_only,1.0,1000,0.498,0.6007296116737868,0.600759812557001,0.5642336277380438,0.6351902630442087,0.17452015810709987,0.11125530280639924,0.2341551422325233,C:\Users\nikla\Desktop\Peojekt\uqlm_white_box_scorer\phase_2_medical\outputs\ablations\hidden_pooling\medqa_mistral\last_answer\medqa_mistral_pool_last_answer.B5000.manifest.json,C:\Users\nikla\Desktop\Peojekt\uqlm_white_box_scorer\phase_2_medical\outputs\ablations\hidden_pooling\medqa_mistral\last_answer\medqa_mistral_pool_last_answer.B5000.results.jsonl,C:\Users\nikla\Desktop\Peojekt\uqlm_white_box_scorer\phase_2_medical\outputs\ablations\hidden_pooling\medqa_mistral\last_answer\medqa_mistral_pool_last_answer.B5000.manifest.bootstrap_indices.npz
medqa,mistral,last_answer,hidden_probe_oof,1.0,1000,0.498,0.57410118561897,0.5740884830157283,0.5379009064145027,0.6088034408550537,0.1283243103294436,0.06564593022859183,0.18845202034888334,C:\Users\nikla\Desktop\Peojekt\uqlm_white_box_scorer\phase_2_medical\outputs\ablations\hidden_pooling\medqa_mistral\last_answer\medqa_mistral_pool_last_answer.B5000.manifest.json,C:\Users\nikla\Desktop\Peojekt\uqlm_white_box_scorer\phase_2_medical\outputs\ablations\hidden_pooling\medqa_mistral\last_answer\medqa_mistral_pool_last_answer.B5000.results.jsonl,C:\Users\nikla\Desktop\Peojekt\uqlm_white_box_scorer\phase_2_medical\outputs\ablations\hidden_pooling\medqa_mistral\last_answer\medqa_mistral_pool_last_answer.B5000.manifest.bootstrap_indices.npz
medqa,mistral,last_answer,lntp,1.0,1000,0.498,0.5050500808012928,0.5048903198451175,0.46928480855693694,0.5407492019872318,0.00847078583861797,-0.053203763069960136,0.07058402467167355,C:\Users\nikla\Desktop\Peojekt\uqlm_white_box_scorer\phase_2_medical\outputs\ablations\hidden_pooling\medqa_mistral\last_answer\medqa_mistral_pool_last_answer.B5000.manifest.json,C:\Users\nikla\Desktop\Peojekt\uqlm_white_box_scorer\phase_2_medical\outputs\ablations\hidden_pooling\medqa_mistral\last_answer\medqa_mistral_pool_last_answer.B5000.results.jsonl,C:\Users\nikla\Desktop\Peojekt\uqlm_white_box_scorer\phase_2_medical\outputs\ablations\hidden_pooling\medqa_mistral\last_answer\medqa_mistral_pool_last_answer.B5000.manifest.bootstrap_indices.npz
medqa,mistral,last_answer,mtp,1.0,1000,0.498,0.5083941343061489,0.5082567961087378,0.4724829597273556,0.5444254108065729,0.014302035236154422,-0.04766366645930855,0.0769516604905425,C:\Users\nikla\Desktop\Peojekt\uqlm_white_box_scorer\phase_2_medical\outputs\ablations\hidden_pooling\medqa_mistral\last_answer\medqa_mistral_pool_last_answer.B5000.manifest.json,C:\Users\nikla\Desktop\Peojekt\uqlm_white_box_scorer\phase_2_medical\outputs\ablations\hidden_pooling\medqa_mistral\last_answer\medqa_mistral_pool_last_answer.B5000.results.jsonl,C:\Users\nikla\Desktop\Peojekt\uqlm_white_box_scorer\phase_2_medical\outputs\ablations\hidden_pooling\medqa_mistral\last_answer\medqa_mistral_pool_last_answer.B5000.manifest.bootstrap_indices.npz
medqa,mistral,mean_all,egh_ce,1.0,1000,0.498,0.5543848701579225,0.5543294504712075,0.5191581065297044,0.5896885350165603,0.09463512552557318,0.03337463790399515,0.15625643401783565,C:\Users\nikla\Desktop\Peojekt\uqlm_white_box_scorer\phase_2_medical\outputs\ablations\hidden_pooling\medqa_mistral\mean_all\medqa_mistral_pool_mean_all.B5000.manifest.json,C:\Users\nikla\Desktop\Peojekt\uqlm_white_box_scorer\phase_2_medical\outputs\ablations\hidden_pooling\medqa_mistral\mean_all\medqa_mistral_pool_mean_all.B5000.results.jsonl,C:\Users\nikla\Desktop\Peojekt\uqlm_white_box_scorer\phase_2_medical\outputs\ablations\hidden_pooling\medqa_mistral\mean_all\medqa_mistral_pool_mean_all.B5000.manifest.bootstrap_indices.npz
medqa,mistral,mean_all,egh_emb_diff,1.0,1000,0.498,0.5352865645850333,0.535221137938207,0.49946199139186226,0.5705712291396662,0.061358596740407105,-0.0009370340078546658,0.12295777616820719,C:\Users\nikla\Desktop\Peojekt\uqlm_white_box_scorer\phase_2_medical\outputs\ablations\hidden_pooling\medqa_mistral\mean_all\medqa_mistral_pool_mean_all.B5000.manifest.json,C:\Users\nikla\Desktop\Peojekt\uqlm_white_box_scorer\phase_2_medical\outputs\ablations\hidden_pooling\medqa_mistral\mean_all\medqa_mistral_pool_mean_all.B5000.results.jsonl,C:\Users\nikla\Desktop\Peojekt\uqlm_white_box_scorer\phase_2_medical\outputs\ablations\hidden_pooling\medqa_mistral\mean_all\medqa_mistral_pool_mean_all.B5000.manifest.bootstrap_indices.npz
medqa,mistral,mean_all,egh_entropy,1.0,1000,0.498,0.5738871821949152,0.5739884738155809,0.5378278052448839,0.6094903518456295,0.12815267846222705,0.06552006880235815,0.18964403540602728,C:\Users\nikla\Desktop\Peojekt\uqlm_white_box_scorer\phase_2_medical\outputs\ablations\hidden_pooling\medqa_mistral\mean_all\medqa_mistral_pool_mean_all.B5000.manifest.json,C:\Users\nikla\Desktop\Peojekt\uqlm_white_box_scorer\phase_2_medical\outputs\ablations\hidden_pooling\medqa_mistral\mean_all\medqa_mistral_pool_mean_all.B5000.results.jsonl,C:\Users\nikla\Desktop\Peojekt\uqlm_white_box_scorer\phase_2_medical\outputs\ablations\hidden_pooling\medqa_mistral\mean_all\medqa_mistral_pool_mean_all.B5000.manifest.bootstrap_indices.npz
medqa,mistral,mean_all,egh_grad_norm,1.0,1000,0.498,0.5020080321285141,0.502017670682731,0.5,0.5050200803212851,0.046689744828482066,0.03176540838213386,0.07117209930370103,C:\Users\nikla\Desktop\Peojekt\uqlm_white_box_scorer\phase_2_medical\outputs\ablations\hidden_pooling\medqa_mistral\mean_all\medqa_mistral_pool_mean_all.B5000.manifest.json,C:\Users\nikla\Desktop\Peojekt\uqlm_white_box_scorer\phase_2_medical\outputs\ablations\hidden_pooling\medqa_mistral\mean_all\medqa_mistral_pool_mean_all.B5000.results.jsonl,C:\Users\nikla\Desktop\Peojekt\uqlm_white_box_scorer\phase_2_medical\outputs\ablations\hidden_pooling\medqa_mistral\mean_all\medqa_mistral_pool_mean_all.B5000.manifest.bootstrap_indices.npz
medqa,mistral,mean_all,egh_kl,-1.0,1000,0.498,0.5450887214195427,0.5452185574969199,0.509367849885598,0.581081697307157,0.0784115415203358,0.016245411109229016,0.14058089114109268,C:\Users\nikla\Desktop\Peojekt\uqlm_white_box_scorer\phase_2_medical\outputs\ablations\hidden_pooling\medqa_mistral\mean_all\medqa_mistral_pool_mean_all.B5000.manifest.json,C:\Users\nikla\Desktop\Peojekt\uqlm_white_box_scorer\phase_2_medical\outputs\ablations\hidden_pooling\medqa_mistral\mean_all\medqa_mistral_pool_mean_all.B5000.results.jsonl,C:\Users\nikla\Desktop\Peojekt\uqlm_white_box_scorer\phase_2_medical\outputs\ablations\hidden_pooling\medqa_mistral\mean_all\medqa_mistral_pool_mean_all.B5000.manifest.bootstrap_indices.npz
medqa,mistral,mean_all,egh_probe_e_only,1.0,1000,0.498,0.5978415654650474,0.5977413526616425,0.5620886934190946,0.6336808388934222,0.16929205671445435,0.10754019794231133,0.23154072454767383,C:\Users\nikla\Desktop\Peojekt\uqlm_white_box_scorer\phase_2_medical\outputs\ablations\hidden_pooling\medqa_mistral\mean_all\medqa_mistral_pool_mean_all.B5000.manifest.json,C:\Users\nikla\Desktop\Peojekt\uqlm_white_box_scorer\phase_2_medical\outputs\ablations\hidden_pooling\medqa_mistral\mean_all\medqa_mistral_pool_mean_all.B5000.results.jsonl,C:\Users\nikla\Desktop\Peojekt\uqlm_white_box_scorer\phase_2_medical\outputs\ablations\hidden_pooling\medqa_mistral\mean_all\medqa_mistral_pool_mean_all.B5000.manifest.bootstrap_indices.npz
medqa,mistral,mean_all,egh_probe_g_only,1.0,1000,0.498,0.5000160002560041,0.5001030944495112,0.46400907414518633,0.5349416090657451,0.000182070490165203,-0.06362822681667397,0.061810721292303215,C:\Users\nikla\Desktop\Peojekt\uqlm_white_box_scorer\phase_2_medical\outputs\ablations\hidden_pooling\medqa_mistral\mean_all\medqa_mistral_pool_mean_all.B5000.manifest.json,C:\Users\nikla\Desktop\Peojekt\uqlm_white_box_scorer\phase_2_medical\outputs\ablations\hidden_pooling\medqa_mistral\mean_all\medqa_mistral_pool_mean_all.B5000.results.jsonl,C:\Users\nikla\Desktop\Peojekt\uqlm_white_box_scorer\phase_2_medical\outputs\ablations\hidden_pooling\medqa_mistral\mean_all\medqa_mistral_pool_mean_all.B5000.manifest.bootstrap_indices.npz
medqa,mistral,mean_all,egh_probe_ge,1.0,1000,0.498,0.5981375702011232,0.5980336709387349,0.5622367957887326,0.6341342461479383,0.16979836507468085,0.1077967118163903,0.2323261016174188,C:\Users\nikla\Desktop\Peojekt\uqlm_white_box_scorer\phase_2_medical\outputs\ablations\hidden_pooling\medqa_mistral\mean_all\medqa_mistral_pool_mean_all.B5000.manifest.json,C:\Users\nikla\Desktop\Peojekt\uqlm_white_box_scorer\phase_2_medical\outputs\ablations\hidden_pooling\medqa_mistral\mean_all\medqa_mistral_pool_mean_all.B5000.results.jsonl,C:\Users\nikla\Desktop\Peojekt\uqlm_white_box_scorer\phase_2_medical\outputs\ablations\hidden_pooling\medqa_mistral\mean_all\medqa_mistral_pool_mean_all.B5000.manifest.bootstrap_indices.npz
medqa,mistral,mean_all,egh_probe_oof,1.0,1000,0.498,0.5981375702011232,0.5980336709387349,0.5622367957887326,0.6341342461479383,0.16979836507468085,0.1077967118163903,0.2323261016174188,C:\Users\nikla\Desktop\Peojekt\uqlm_white_box_scorer\phase_2_medical\outputs\ablations\hidden_pooling\medqa_mistral\mean_all\medqa_mistral_pool_mean_all.B5000.manifest.json,C:\Users\nikla\Desktop\Peojekt\uqlm_white_box_scorer\phase_2_medical\outputs\ablations\hidden_pooling\medqa_mistral\mean_all\medqa_mistral_pool_mean_all.B5000.results.jsonl,C:\Users\nikla\Desktop\Peojekt\uqlm_white_box_scorer\phase_2_medical\outputs\ablations\hidden_pooling\medqa_mistral\mean_all\medqa_mistral_pool_mean_all.B5000.manifest.bootstrap_indices.npz
medqa,mistral,mean_all,egh_probe_scalar_only,1.0,1000,0.498,0.6007296116737868,0.600759812557001,0.5642336277380438,0.6351902630442087,0.17452015810709987,0.11125530280639924,0.2341551422325233,C:\Users\nikla\Desktop\Peojekt\uqlm_white_box_scorer\phase_2_medical\outputs\ablations\hidden_pooling\medqa_mistral\mean_all\medqa_mistral_pool_mean_all.B5000.manifest.json,C:\Users\nikla\Desktop\Peojekt\uqlm_white_box_scorer\phase_2_medical\outputs\ablations\hidden_pooling\medqa_mistral\mean_all\medqa_mistral_pool_mean_all.B5000.results.jsonl,C:\Users\nikla\Desktop\Peojekt\uqlm_white_box_scorer\phase_2_medical\outputs\ablations\hidden_pooling\medqa_mistral\mean_all\medqa_mistral_pool_mean_all.B5000.manifest.bootstrap_indices.npz
medqa,mistral,mean_all,hidden_probe_oof,1.0,1000,0.498,0.5506608105729691,0.5510731179698876,0.5156548504776076,0.5873256972111555,0.08846074825566559,0.027114850695732856,0.15125173095238958,C:\Users\nikla\Desktop\Peojekt\uqlm_white_box_scorer\phase_2_medical\outputs\ablations\hidden_pooling\medqa_mistral\mean_all\medqa_mistral_pool_mean_all.B5000.manifest.json,C:\Users\nikla\Desktop\Peojekt\uqlm_white_box_scorer\phase_2_medical\outputs\ablations\hidden_pooling\medqa_mistral\mean_all\medqa_mistral_pool_mean_all.B5000.results.jsonl,C:\Users\nikla\Desktop\Peojekt\uqlm_white_box_scorer\phase_2_medical\outputs\ablations\hidden_pooling\medqa_mistral\mean_all\medqa_mistral_pool_mean_all.B5000.manifest.bootstrap_indices.npz
medqa,mistral,mean_all,lntp,1.0,1000,0.498,0.5050500808012928,0.5048903198451175,0.46928480855693694,0.5407492019872318,0.00847078583861797,-0.053203763069960136,0.07058402467167355,C:\Users\nikla\Desktop\Peojekt\uqlm_white_box_scorer\phase_2_medical\outputs\ablations\hidden_pooling\medqa_mistral\mean_all\medqa_mistral_pool_mean_all.B5000.manifest.json,C:\Users\nikla\Desktop\Peojekt\uqlm_white_box_scorer\phase_2_medical\outputs\ablations\hidden_pooling\medqa_mistral\mean_all\medqa_mistral_pool_mean_all.B5000.results.jsonl,C:\Users\nikla\Desktop\Peojekt\uqlm_white_box_scorer\phase_2_medical\outputs\ablations\hidden_pooling\medqa_mistral\mean_all\medqa_mistral_pool_mean_all.B5000.manifest.bootstrap_indices.npz
medqa,mistral,mean_all,mtp,1.0,1000,0.498,0.5083941343061489,0.5082567961087378,0.4724829597273556,0.5444254108065729,0.014302035236154422,-0.04766366645930855,0.0769516604905425,C:\Users\nikla\Desktop\Peojekt\uqlm_white_box_scorer\phase_2_medical\outputs\ablations\hidden_pooling\medqa_mistral\mean_all\medqa_mistral_pool_mean_all.B5000.manifest.json,C:\Users\nikla\Desktop\Peojekt\uqlm_white_box_scorer\phase_2_medical\outputs\ablations\hidden_pooling\medqa_mistral\mean_all\medqa_mistral_pool_mean_all.B5000.results.jsonl,C:\Users\nikla\Desktop\Peojekt\uqlm_white_box_scorer\phase_2_medical\outputs\ablations\hidden_pooling\medqa_mistral\mean_all\medqa_mistral_pool_mean_all.B5000.manifest.bootstrap_indices.npz
medqa,mistral,mean_answer,egh_ce,1.0,1000,0.498,0.5543848701579225,0.5543294504712075,0.5191581065297044,0.5896885350165603,0.09463512552557318,0.03337463790399515,0.15625643401783565,C:\Users\nikla\Desktop\Peojekt\uqlm_white_box_scorer\phase_2_medical\outputs\ablations\hidden_pooling\medqa_mistral\mean_answer\medqa_mistral_pool_mean_answer.B5000.manifest.json,C:\Users\nikla\Desktop\Peojekt\uqlm_white_box_scorer\phase_2_medical\outputs\ablations\hidden_pooling\medqa_mistral\mean_answer\medqa_mistral_pool_mean_answer.B5000.results.jsonl,C:\Users\nikla\Desktop\Peojekt\uqlm_white_box_scorer\phase_2_medical\outputs\ablations\hidden_pooling\medqa_mistral\mean_answer\medqa_mistral_pool_mean_answer.B5000.manifest.bootstrap_indices.npz
medqa,mistral,mean_answer,egh_emb_diff,1.0,1000,0.498,0.5352865645850333,0.535221137938207,0.49946199139186226,0.5705712291396662,0.061358596740407105,-0.0009370340078546658,0.12295777616820719,C:\Users\nikla\Desktop\Peojekt\uqlm_white_box_scorer\phase_2_medical\outputs\ablations\hidden_pooling\medqa_mistral\mean_answer\medqa_mistral_pool_mean_answer.B5000.manifest.json,C:\Users\nikla\Desktop\Peojekt\uqlm_white_box_scorer\phase_2_medical\outputs\ablations\hidden_pooling\medqa_mistral\mean_answer\medqa_mistral_pool_mean_answer.B5000.results.jsonl,C:\Users\nikla\Desktop\Peojekt\uqlm_white_box_scorer\phase_2_medical\outputs\ablations\hidden_pooling\medqa_mistral\mean_answer\medqa_mistral_pool_mean_answer.B5000.manifest.bootstrap_indices.npz
medqa,mistral,mean_answer,egh_entropy,1.0,1000,0.498,0.5738871821949152,0.5739884738155809,0.5378278052448839,0.6094903518456295,0.12815267846222705,0.06552006880235815,0.18964403540602728,C:\Users\nikla\Desktop\Peojekt\uqlm_white_box_scorer\phase_2_medical\outputs\ablations\hidden_pooling\medqa_mistral\mean_answer\medqa_mistral_pool_mean_answer.B5000.manifest.json,C:\Users\nikla\Desktop\Peojekt\uqlm_white_box_scorer\phase_2_medical\outputs\ablations\hidden_pooling\medqa_mistral\mean_answer\medqa_mistral_pool_mean_answer.B5000.results.jsonl,C:\Users\nikla\Desktop\Peojekt\uqlm_white_box_scorer\phase_2_medical\outputs\ablations\hidden_pooling\medqa_mistral\mean_answer\medqa_mistral_pool_mean_answer.B5000.manifest.bootstrap_indices.npz
medqa,mistral,mean_answer,egh_grad_norm,1.0,1000,0.498,0.5020080321285141,0.502017670682731,0.5,0.5050200803212851,0.046689744828482066,0.03176540838213386,0.07117209930370103,C:\Users\nikla\Desktop\Peojekt\uqlm_white_box_scorer\phase_2_medical\outputs\ablations\hidden_pooling\medqa_mistral\mean_answer\medqa_mistral_pool_mean_answer.B5000.manifest.json,C:\Users\nikla\Desktop\Peojekt\uqlm_white_box_scorer\phase_2_medical\outputs\ablations\hidden_pooling\medqa_mistral\mean_answer\medqa_mistral_pool_mean_answer.B5000.results.jsonl,C:\Users\nikla\Desktop\Peojekt\uqlm_white_box_scorer\phase_2_medical\outputs\ablations\hidden_pooling\medqa_mistral\mean_answer\medqa_mistral_pool_mean_answer.B5000.manifest.bootstrap_indices.npz
medqa,mistral,mean_answer,egh_kl,-1.0,1000,0.498,0.5450887214195427,0.5452185574969199,0.509367849885598,0.581081697307157,0.0784115415203358,0.016245411109229016,0.14058089114109268,C:\Users\nikla\Desktop\Peojekt\uqlm_white_box_scorer\phase_2_medical\outputs\ablations\hidden_pooling\medqa_mistral\mean_answer\medqa_mistral_pool_mean_answer.B5000.manifest.json,C:\Users\nikla\Desktop\Peojekt\uqlm_white_box_scorer\phase_2_medical\outputs\ablations\hidden_pooling\medqa_mistral\mean_answer\medqa_mistral_pool_mean_answer.B5000.results.jsonl,C:\Users\nikla\Desktop\Peojekt\uqlm_white_box_scorer\phase_2_medical\outputs\ablations\hidden_pooling\medqa_mistral\mean_answer\medqa_mistral_pool_mean_answer.B5000.manifest.bootstrap_indices.npz
medqa,mistral,mean_answer,egh_probe_e_only,1.0,1000,0.498,0.5978415654650474,0.5977413526616425,0.5620886934190946,0.6336808388934222,0.16929205671445435,0.10754019794231133,0.23154072454767383,C:\Users\nikla\Desktop\Peojekt\uqlm_white_box_scorer\phase_2_medical\outputs\ablations\hidden_pooling\medqa_mistral\mean_answer\medqa_mistral_pool_mean_answer.B5000.manifest.json,C:\Users\nikla\Desktop\Peojekt\uqlm_white_box_scorer\phase_2_medical\outputs\ablations\hidden_pooling\medqa_mistral\mean_answer\medqa_mistral_pool_mean_answer.B5000.results.jsonl,C:\Users\nikla\Desktop\Peojekt\uqlm_white_box_scorer\phase_2_medical\outputs\ablations\hidden_pooling\medqa_mistral\mean_answer\medqa_mistral_pool_mean_answer.B5000.manifest.bootstrap_indices.npz
medqa,mistral,mean_answer,egh_probe_g_only,1.0,1000,0.498,0.5000160002560041,0.5001030944495112,0.46400907414518633,0.5349416090657451,0.000182070490165203,-0.06362822681667397,0.061810721292303215,C:\Users\nikla\Desktop\Peojekt\uqlm_white_box_scorer\phase_2_medical\outputs\ablations\hidden_pooling\medqa_mistral\mean_answer\medqa_mistral_pool_mean_answer.B5000.manifest.json,C:\Users\nikla\Desktop\Peojekt\uqlm_white_box_scorer\phase_2_medical\outputs\ablations\hidden_pooling\medqa_mistral\mean_answer\medqa_mistral_pool_mean_answer.B5000.results.jsonl,C:\Users\nikla\Desktop\Peojekt\uqlm_white_box_scorer\phase_2_medical\outputs\ablations\hidden_pooling\medqa_mistral\mean_answer\medqa_mistral_pool_mean_answer.B5000.manifest.bootstrap_indices.npz
medqa,mistral,mean_answer,egh_probe_ge,1.0,1000,0.498,0.5981375702011232,0.5980336709387349,0.5622367957887326,0.6341342461479383,0.16979836507468085,0.1077967118163903,0.2323261016174188,C:\Users\nikla\Desktop\Peojekt\uqlm_white_box_scorer\phase_2_medical\outputs\ablations\hidden_pooling\medqa_mistral\mean_answer\medqa_mistral_pool_mean_answer.B5000.manifest.json,C:\Users\nikla\Desktop\Peojekt\uqlm_white_box_scorer\phase_2_medical\outputs\ablations\hidden_pooling\medqa_mistral\mean_answer\medqa_mistral_pool_mean_answer.B5000.results.jsonl,C:\Users\nikla\Desktop\Peojekt\uqlm_white_box_scorer\phase_2_medical\outputs\ablations\hidden_pooling\medqa_mistral\mean_answer\medqa_mistral_pool_mean_answer.B5000.manifest.bootstrap_indices.npz
medqa,mistral,mean_answer,egh_probe_oof,1.0,1000,0.498,0.5981375702011232,0.5980336709387349,0.5622367957887326,0.6341342461479383,0.16979836507468085,0.1077967118163903,0.2323261016174188,C:\Users\nikla\Desktop\Peojekt\uqlm_white_box_scorer\phase_2_medical\outputs\ablations\hidden_pooling\medqa_mistral\mean_answer\medqa_mistral_pool_mean_answer.B5000.manifest.json,C:\Users\nikla\Desktop\Peojekt\uqlm_white_box_scorer\phase_2_medical\outputs\ablations\hidden_pooling\medqa_mistral\mean_answer\medqa_mistral_pool_mean_answer.B5000.results.jsonl,C:\Users\nikla\Desktop\Peojekt\uqlm_white_box_scorer\phase_2_medical\outputs\ablations\hidden_pooling\medqa_mistral\mean_answer\medqa_mistral_pool_mean_answer.B5000.manifest.bootstrap_indices.npz
medqa,mistral,mean_answer,egh_probe_scalar_only,1.0,1000,0.498,0.6007296116737868,0.600759812557001,0.5642336277380438,0.6351902630442087,0.17452015810709987,0.11125530280639924,0.2341551422325233,C:\Users\nikla\Desktop\Peojekt\uqlm_white_box_scorer\phase_2_medical\outputs\ablations\hidden_pooling\medqa_mistral\mean_answer\medqa_mistral_pool_mean_answer.B5000.manifest.json,C:\Users\nikla\Desktop\Peojekt\uqlm_white_box_scorer\phase_2_medical\outputs\ablations\hidden_pooling\medqa_mistral\mean_answer\medqa_mistral_pool_mean_answer.B5000.results.jsonl,C:\Users\nikla\Desktop\Peojekt\uqlm_white_box_scorer\phase_2_medical\outputs\ablations\hidden_pooling\medqa_mistral\mean_answer\medqa_mistral_pool_mean_answer.B5000.manifest.bootstrap_indices.npz
medqa,mistral,mean_answer,hidden_probe_oof,1.0,1000,0.498,0.5748771980351686,0.574861364181827,0.5388777220435528,0.6094223507576121,0.12966297240619415,0.06733781307907721,0.18952401357989423,C:\Users\nikla\Desktop\Peojekt\uqlm_white_box_scorer\phase_2_medical\outputs\ablations\hidden_pooling\medqa_mistral\mean_answer\medqa_mistral_pool_mean_answer.B5000.manifest.json,C:\Users\nikla\Desktop\Peojekt\uqlm_white_box_scorer\phase_2_medical\outputs\ablations\hidden_pooling\medqa_mistral\mean_answer\medqa_mistral_pool_mean_answer.B5000.results.jsonl,C:\Users\nikla\Desktop\Peojekt\uqlm_white_box_scorer\phase_2_medical\outputs\ablations\hidden_pooling\medqa_mistral\mean_answer\medqa_mistral_pool_mean_answer.B5000.manifest.bootstrap_indices.npz
medqa,mistral,mean_answer,lntp,1.0,1000,0.498,0.5050500808012928,0.5048903198451175,0.46928480855693694,0.5407492019872318,0.00847078583861797,-0.053203763069960136,0.07058402467167355,C:\Users\nikla\Desktop\Peojekt\uqlm_white_box_scorer\phase_2_medical\outputs\ablations\hidden_pooling\medqa_mistral\mean_answer\medqa_mistral_pool_mean_answer.B5000.manifest.json,C:\Users\nikla\Desktop\Peojekt\uqlm_white_box_scorer\phase_2_medical\outputs\ablations\hidden_pooling\medqa_mistral\mean_answer\medqa_mistral_pool_mean_answer.B5000.results.jsonl,C:\Users\nikla\Desktop\Peojekt\uqlm_white_box_scorer\phase_2_medical\outputs\ablations\hidden_pooling\medqa_mistral\mean_answer\medqa_mistral_pool_mean_answer.B5000.manifest.bootstrap_indices.npz
medqa,mistral,mean_answer,mtp,1.0,1000,0.498,0.5083941343061489,0.5082567961087378,0.4724829597273556,0.5444254108065729,0.014302035236154422,-0.04766366645930855,0.0769516604905425,C:\Users\nikla\Desktop\Peojekt\uqlm_white_box_scorer\phase_2_medical\outputs\ablations\hidden_pooling\medqa_mistral\mean_answer\medqa_mistral_pool_mean_answer.B5000.manifest.json,C:\Users\nikla\Desktop\Peojekt\uqlm_white_box_scorer\phase_2_medical\outputs\ablations\hidden_pooling\medqa_mistral\mean_answer\medqa_mistral_pool_mean_answer.B5000.results.jsonl,C:\Users\nikla\Desktop\Peojekt\uqlm_white_box_scorer\phase_2_medical\outputs\ablations\hidden_pooling\medqa_mistral\mean_answer\medqa_mistral_pool_mean_answer.B5000.manifest.bootstrap_indices.npz
pubmedqa,biomistral,last_answer,egh_ce,-1.0,1000,0.425,0.55373094629156,0.5541578528900256,0.5181022506393862,0.5888115089514065,0.0947809971448905,0.03169199597766532,0.15525481932675705,C:\Users\nikla\Desktop\Peojekt\uqlm_white_box_scorer\phase_2_medical\outputs\ablations\hidden_pooling\pubmedqa_biomistral\last_answer\pubmedqa_biomistral_pool_last_answer.B5000.manifest.json,C:\Users\nikla\Desktop\Peojekt\uqlm_white_box_scorer\phase_2_medical\outputs\ablations\hidden_pooling\pubmedqa_biomistral\last_answer\pubmedqa_biomistral_pool_last_answer.B5000.results.jsonl,C:\Users\nikla\Desktop\Peojekt\uqlm_white_box_scorer\phase_2_medical\outputs\ablations\hidden_pooling\pubmedqa_biomistral\last_answer\pubmedqa_biomistral_pool_last_answer.B5000.manifest.bootstrap_indices.npz
pubmedqa,biomistral,last_answer,egh_emb_diff,1.0,1000,0.425,0.5280061381074168,0.5277139179539643,0.4921225063938619,0.5644795907928387,0.047680405149378324,-0.013552204066788389,0.11098575840714574,C:\Users\nikla\Desktop\Peojekt\uqlm_white_box_scorer\phase_2_medical\outputs\ablations\hidden_pooling\pubmedqa_biomistral\last_answer\pubmedqa_biomistral_pool_last_answer.B5000.manifest.json,C:\Users\nikla\Desktop\Peojekt\uqlm_white_box_scorer\phase_2_medical\outputs\ablations\hidden_pooling\pubmedqa_biomistral\last_answer\pubmedqa_biomistral_pool_last_answer.B5000.results.jsonl,C:\Users\nikla\Desktop\Peojekt\uqlm_white_box_scorer\phase_2_medical\outputs\ablations\hidden_pooling\pubmedqa_biomistral\last_answer\pubmedqa_biomistral_pool_last_answer.B5000.manifest.bootstrap_indices.npz
pubmedqa,biomistral,last_answer,egh_entropy,1.0,1000,0.425,0.537841432225064,0.5374181855754475,0.5016899232736574,0.5728914066496164,0.06410674034787583,0.0028950813325479908,0.12487300748983157,C:\Users\nikla\Desktop\Peojekt\uqlm_white_box_scorer\phase_2_medical\outputs\ablations\hidden_pooling\pubmedqa_biomistral\last_answer\pubmedqa_biomistral_pool_last_answer.B5000.manifest.json,C:\Users\nikla\Desktop\Peojekt\uqlm_white_box_scorer\phase_2_medical\outputs\ablations\hidden_pooling\pubmedqa_biomistral\last_answer\pubmedqa_biomistral_pool_last_answer.B5000.results.jsonl,C:\Users\nikla\Desktop\Peojekt\uqlm_white_box_scorer\phase_2_medical\outputs\ablations\hidden_pooling\pubmedqa_biomistral\last_answer\pubmedqa_biomistral_pool_last_answer.B5000.manifest.bootstrap_indices.npz
pubmedqa,biomistral,last_answer,egh_grad_norm,1.0,1000,0.425,0.5,0.5,0.5,0.5,,,,C:\Users\nikla\Desktop\Peojekt\uqlm_white_box_scorer\phase_2_medical\outputs\ablations\hidden_pooling\pubmedqa_biomistral\last_answer\pubmedqa_biomistral_pool_last_answer.B5000.manifest.json,C:\Users\nikla\Desktop\Peojekt\uqlm_white_box_scorer\phase_2_medical\outputs\ablations\hidden_pooling\pubmedqa_biomistral\last_answer\pubmedqa_biomistral_pool_last_answer.B5000.results.jsonl,C:\Users\nikla\Desktop\Peojekt\uqlm_white_box_scorer\phase_2_medical\outputs\ablations\hidden_pooling\pubmedqa_biomistral\last_answer\pubmedqa_biomistral_pool_last_answer.B5000.manifest.bootstrap_indices.npz
pubmedqa,biomistral,last_answer,egh_kl,-1.0,1000,0.425,0.5511815856777494,0.5511377902813299,0.5156735549872123,0.5877100255754476,0.08834164645786032,0.02709589462826778,0.1515210949495947,C:\Users\nikla\Desktop\Peojekt\uqlm_white_box_scorer\phase_2_medical\outputs\ablations\hidden_pooling\pubmedqa_biomistral\last_answer\pubmedqa_biomistral_pool_last_answer.B5000.manifest.json,C:\Users\nikla\Desktop\Peojekt\uqlm_white_box_scorer\phase_2_medical\outputs\ablations\hidden_pooling\pubmedqa_biomistral\last_answer\pubmedqa_biomistral_pool_last_answer.B5000.results.jsonl,C:\Users\nikla\Desktop\Peojekt\uqlm_white_box_scorer\phase_2_medical\outputs\ablations\hidden_pooling\pubmedqa_biomistral\last_answer\pubmedqa_biomistral_pool_last_answer.B5000.manifest.bootstrap_indices.npz
pubmedqa,biomistral,last_answer,egh_probe_e_only,1.0,1000,0.425,0.6289350383631713,0.62892470342711,0.5944097186700767,0.6640972890025575,0.22077822390579796,0.16167270901820313,0.2810098054505904,C:\Users\nikla\Desktop\Peojekt\uqlm_white_box_scorer\phase_2_medical\outputs\ablations\hidden_pooling\pubmedqa_biomistral\last_answer\pubmedqa_biomistral_pool_last_answer.B5000.manifest.json,C:\Users\nikla\Desktop\Peojekt\uqlm_white_box_scorer\phase_2_medical\outputs\ablations\hidden_pooling\pubmedqa_biomistral\last_answer\pubmedqa_biomistral_pool_last_answer.B5000.results.jsonl,C:\Users\nikla\Desktop\Peojekt\uqlm_white_box_scorer\phase_2_medical\outputs\ablations\hidden_pooling\pubmedqa_biomistral\last_answer\pubmedqa_biomistral_pool_last_answer.B5000.manifest.bootstrap_indices.npz
pubmedqa,biomistral,last_answer,egh_probe_g_only,1.0,1000,0.425,0.5,0.5000975549872122,0.46920460358056265,0.5312020460358056,0.0002025861169486276,-0.062059931068752495,0.06301368556155966,C:\Users\nikla\Desktop\Peojekt\uqlm_white_box_scorer\phase_2_medical\outputs\ablations\hidden_pooling\pubmedqa_biomistral\last_answer\pubmedqa_biomistral_pool_last_answer.B5000.manifest.json,C:\Users\nikla\Desktop\Peojekt\uqlm_white_box_scorer\phase_2_medical\outputs\ablations\hidden_pooling\pubmedqa_biomistral\last_answer\pubmedqa_biomistral_pool_last_answer.B5000.results.jsonl,C:\Users\nikla\Desktop\Peojekt\uqlm_white_box_scorer\phase_2_medical\outputs\ablations\hidden_pooling\pubmedqa_biomistral\last_answer\pubmedqa_biomistral_pool_last_answer.B5000.manifest.bootstrap_indices.npz
pubmedqa,biomistral,last_answer,egh_probe_ge,1.0,1000,0.425,0.6289350383631713,0.62892470342711,0.5944097186700767,0.6640972890025575,0.22077822390579796,0.16167270901820313,0.2810098054505904,C:\Users\nikla\Desktop\Peojekt\uqlm_white_box_scorer\phase_2_medical\outputs\ablations\hidden_pooling\pubmedqa_biomistral\last_answer\pubmedqa_biomistral_pool_last_answer.B5000.manifest.json,C:\Users\nikla\Desktop\Peojekt\uqlm_white_box_scorer\phase_2_medical\outputs\ablations\hidden_pooling\pubmedqa_biomistral\last_answer\pubmedqa_biomistral_pool_last_answer.B5000.results.jsonl,C:\Users\nikla\Desktop\Peojekt\uqlm_white_box_scorer\phase_2_medical\outputs\ablations\hidden_pooling\pubmedqa_biomistral\last_answer\pubmedqa_biomistral_pool_last_answer.B5000.manifest.bootstrap_indices.npz
pubmedqa,biomistral,last_answer,egh_probe_oof,1.0,1000,0.425,0.6289350383631713,0.62892470342711,0.5944097186700767,0.6640972890025575,0.22077822390579796,0.16167270901820313,0.2810098054505904,C:\Users\nikla\Desktop\Peojekt\uqlm_white_box_scorer\phase_2_medical\outputs\ablations\hidden_pooling\pubmedqa_biomistral\last_answer\pubmedqa_biomistral_pool_last_answer.B5000.manifest.json,C:\Users\nikla\Desktop\Peojekt\uqlm_white_box_scorer\phase_2_medical\outputs\ablations\hidden_pooling\pubmedqa_biomistral\last_answer\pubmedqa_biomistral_pool_last_answer.B5000.results.jsonl,C:\Users\nikla\Desktop\Peojekt\uqlm_white_box_scorer\phase_2_medical\outputs\ablations\hidden_pooling\pubmedqa_biomistral\last_answer\pubmedqa_biomistral_pool_last_answer.B5000.manifest.bootstrap_indices.npz
pubmedqa,biomistral,last_answer,egh_probe_scalar_only,1.0,1000,0.425,0.5598485933503837,0.5597414886956521,0.5227081329923273,0.5949415345268543,0.10230484445423871,0.03888674264189575,0.16258346253207065,C:\Users\nikla\Desktop\Peojekt\uqlm_white_box_scorer\phase_2_medical\outputs\ablations\hidden_pooling\pubmedqa_biomistral\last_answer\pubmedqa_biomistral_pool_last_answer.B5000.manifest.json,C:\Users\nikla\Desktop\Peojekt\uqlm_white_box_scorer\phase_2_medical\outputs\ablations\hidden_pooling\pubmedqa_biomistral\last_answer\pubmedqa_biomistral_pool_last_answer.B5000.results.jsonl,C:\Users\nikla\Desktop\Peojekt\uqlm_white_box_scorer\phase_2_medical\outputs\ablations\hidden_pooling\pubmedqa_biomistral\last_answer\pubmedqa_biomistral_pool_last_answer.B5000.manifest.bootstrap_indices.npz
pubmedqa,biomistral,last_answer,hidden_probe_oof,1.0,1000,0.425,0.6609145780051151,0.6612160736572891,0.6267293094629157,0.6954685421994884,0.2760758602119755,0.2170187351260236,0.33473177407700955,C:\Users\nikla\Desktop\Peojekt\uqlm_white_box_scorer\phase_2_medical\outputs\ablations\hidden_pooling\pubmedqa_biomistral\last_answer\pubmedqa_biomistral_pool_last_answer.B5000.manifest.json,C:\Users\nikla\Desktop\Peojekt\uqlm_white_box_scorer\phase_2_medical\outputs\ablations\hidden_pooling\pubmedqa_biomistral\last_answer\pubmedqa_biomistral_pool_last_answer.B5000.results.jsonl,C:\Users\nikla\Desktop\Peojekt\uqlm_white_box_scorer\phase_2_medical\outputs\ablations\hidden_pooling\pubmedqa_biomistral\last_answer\pubmedqa_biomistral_pool_last_answer.B5000.manifest.bootstrap_indices.npz
pubmedqa,biomistral,last_answer,lntp,1.0,1000,0.425,0.598657800511509,0.5988507756521739,0.5637937084398977,0.634490588235294,0.16930456538605812,0.10926186347787527,0.23034903420772188,C:\Users\nikla\Desktop\Peojekt\uqlm_white_box_scorer\phase_2_medical\outputs\ablations\hidden_pooling\pubmedqa_biomistral\last_answer\pubmedqa_biomistral_pool_last_answer.B5000.manifest.json,C:\Users\nikla\Desktop\Peojekt\uqlm_white_box_scorer\phase_2_medical\outputs\ablations\hidden_pooling\pubmedqa_biomistral\last_answer\pubmedqa_biomistral_pool_last_answer.B5000.results.jsonl,C:\Users\nikla\Desktop\Peojekt\uqlm_white_box_scorer\phase_2_medical\outputs\ablations\hidden_pooling\pubmedqa_biomistral\last_answer\pubmedqa_biomistral_pool_last_answer.B5000.manifest.bootstrap_indices.npz
pubmedqa,biomistral,last_answer,mtp,1.0,1000,0.425,0.598657800511509,0.5988507756521739,0.5637937084398977,0.634490588235294,0.16930456538605812,0.10926186347787527,0.23034903420772188,C:\Users\nikla\Desktop\Peojekt\uqlm_white_box_scorer\phase_2_medical\outputs\ablations\hidden_pooling\pubmedqa_biomistral\last_answer\pubmedqa_biomistral_pool_last_answer.B5000.manifest.json,C:\Users\nikla\Desktop\Peojekt\uqlm_white_box_scorer\phase_2_medical\outputs\ablations\hidden_pooling\pubmedqa_biomistral\last_answer\pubmedqa_biomistral_pool_last_answer.B5000.results.jsonl,C:\Users\nikla\Desktop\Peojekt\uqlm_white_box_scorer\phase_2_medical\outputs\ablations\hidden_pooling\pubmedqa_biomistral\last_answer\pubmedqa_biomistral_pool_last_answer.B5000.manifest.bootstrap_indices.npz
pubmedqa,biomistral,mean_all,egh_ce,-1.0,1000,0.425,0.55373094629156,0.5541578528900256,0.5181022506393862,0.5888115089514065,0.0947809971448905,0.03169199597766532,0.15525481932675705,C:\Users\nikla\Desktop\Peojekt\uqlm_white_box_scorer\phase_2_medical\outputs\ablations\hidden_pooling\pubmedqa_biomistral\mean_all\pubmedqa_biomistral_pool_mean_all.B5000.manifest.json,C:\Users\nikla\Desktop\Peojekt\uqlm_white_box_scorer\phase_2_medical\outputs\ablations\hidden_pooling\pubmedqa_biomistral\mean_all\pubmedqa_biomistral_pool_mean_all.B5000.results.jsonl,C:\Users\nikla\Desktop\Peojekt\uqlm_white_box_scorer\phase_2_medical\outputs\ablations\hidden_pooling\pubmedqa_biomistral\mean_all\pubmedqa_biomistral_pool_mean_all.B5000.manifest.bootstrap_indices.npz
pubmedqa,biomistral,mean_all,egh_emb_diff,1.0,1000,0.425,0.5280061381074168,0.5277139179539643,0.4921225063938619,0.5644795907928387,0.047680405149378324,-0.013552204066788389,0.11098575840714574,C:\Users\nikla\Desktop\Peojekt\uqlm_white_box_scorer\phase_2_medical\outputs\ablations\hidden_pooling\pubmedqa_biomistral\mean_all\pubmedqa_biomistral_pool_mean_all.B5000.manifest.json,C:\Users\nikla\Desktop\Peojekt\uqlm_white_box_scorer\phase_2_medical\outputs\ablations\hidden_pooling\pubmedqa_biomistral\mean_all\pubmedqa_biomistral_pool_mean_all.B5000.results.jsonl,C:\Users\nikla\Desktop\Peojekt\uqlm_white_box_scorer\phase_2_medical\outputs\ablations\hidden_pooling\pubmedqa_biomistral\mean_all\pubmedqa_biomistral_pool_mean_all.B5000.manifest.bootstrap_indices.npz
pubmedqa,biomistral,mean_all,egh_entropy,1.0,1000,0.425,0.537841432225064,0.5374181855754475,0.5016899232736574,0.5728914066496164,0.06410674034787583,0.0028950813325479908,0.12487300748983157,C:\Users\nikla\Desktop\Peojekt\uqlm_white_box_scorer\phase_2_medical\outputs\ablations\hidden_pooling\pubmedqa_biomistral\mean_all\pubmedqa_biomistral_pool_mean_all.B5000.manifest.json,C:\Users\nikla\Desktop\Peojekt\uqlm_white_box_scorer\phase_2_medical\outputs\ablations\hidden_pooling\pubmedqa_biomistral\mean_all\pubmedqa_biomistral_pool_mean_all.B5000.results.jsonl,C:\Users\nikla\Desktop\Peojekt\uqlm_white_box_scorer\phase_2_medical\outputs\ablations\hidden_pooling\pubmedqa_biomistral\mean_all\pubmedqa_biomistral_pool_mean_all.B5000.manifest.bootstrap_indices.npz
pubmedqa,biomistral,mean_all,egh_grad_norm,1.0,1000,0.425,0.5,0.5,0.5,0.5,,,,C:\Users\nikla\Desktop\Peojekt\uqlm_white_box_scorer\phase_2_medical\outputs\ablations\hidden_pooling\pubmedqa_biomistral\mean_all\pubmedqa_biomistral_pool_mean_all.B5000.manifest.json,C:\Users\nikla\Desktop\Peojekt\uqlm_white_box_scorer\phase_2_medical\outputs\ablations\hidden_pooling\pubmedqa_biomistral\mean_all\pubmedqa_biomistral_pool_mean_all.B5000.results.jsonl,C:\Users\nikla\Desktop\Peojekt\uqlm_white_box_scorer\phase_2_medical\outputs\ablations\hidden_pooling\pubmedqa_biomistral\mean_all\pubmedqa_biomistral_pool_mean_all.B5000.manifest.bootstrap_indices.npz
pubmedqa,biomistral,mean_all,egh_kl,-1.0,1000,0.425,0.5511815856777494,0.5511377902813299,0.5156735549872123,0.5877100255754476,0.08834164645786032,0.02709589462826778,0.1515210949495947,C:\Users\nikla\Desktop\Peojekt\uqlm_white_box_scorer\phase_2_medical\outputs\ablations\hidden_pooling\pubmedqa_biomistral\mean_all\pubmedqa_biomistral_pool_mean_all.B5000.manifest.json,C:\Users\nikla\Desktop\Peojekt\uqlm_white_box_scorer\phase_2_medical\outputs\ablations\hidden_pooling\pubmedqa_biomistral\mean_all\pubmedqa_biomistral_pool_mean_all.B5000.results.jsonl,C:\Users\nikla\Desktop\Peojekt\uqlm_white_box_scorer\phase_2_medical\outputs\ablations\hidden_pooling\pubmedqa_biomistral\mean_all\pubmedqa_biomistral_pool_mean_all.B5000.manifest.bootstrap_indices.npz
pubmedqa,biomistral,mean_all,egh_probe_e_only,1.0,1000,0.425,0.6289350383631713,0.62892470342711,0.5944097186700767,0.6640972890025575,0.22077822390579796,0.16167270901820313,0.2810098054505904,C:\Users\nikla\Desktop\Peojekt\uqlm_white_box_scorer\phase_2_medical\outputs\ablations\hidden_pooling\pubmedqa_biomistral\mean_all\pubmedqa_biomistral_pool_mean_all.B5000.manifest.json,C:\Users\nikla\Desktop\Peojekt\uqlm_white_box_scorer\phase_2_medical\outputs\ablations\hidden_pooling\pubmedqa_biomistral\mean_all\pubmedqa_biomistral_pool_mean_all.B5000.results.jsonl,C:\Users\nikla\Desktop\Peojekt\uqlm_white_box_scorer\phase_2_medical\outputs\ablations\hidden_pooling\pubmedqa_biomistral\mean_all\pubmedqa_biomistral_pool_mean_all.B5000.manifest.bootstrap_indices.npz
pubmedqa,biomistral,mean_all,egh_probe_g_only,1.0,1000,0.425,0.5,0.5000975549872122,0.46920460358056265,0.5312020460358056,0.0002025861169486276,-0.062059931068752495,0.06301368556155966,C:\Users\nikla\Desktop\Peojekt\uqlm_white_box_scorer\phase_2_medical\outputs\ablations\hidden_pooling\pubmedqa_biomistral\mean_all\pubmedqa_biomistral_pool_mean_all.B5000.manifest.json,C:\Users\nikla\Desktop\Peojekt\uqlm_white_box_scorer\phase_2_medical\outputs\ablations\hidden_pooling\pubmedqa_biomistral\mean_all\pubmedqa_biomistral_pool_mean_all.B5000.results.jsonl,C:\Users\nikla\Desktop\Peojekt\uqlm_white_box_scorer\phase_2_medical\outputs\ablations\hidden_pooling\pubmedqa_biomistral\mean_all\pubmedqa_biomistral_pool_mean_all.B5000.manifest.bootstrap_indices.npz
pubmedqa,biomistral,mean_all,egh_probe_ge,1.0,1000,0.425,0.6289350383631713,0.62892470342711,0.5944097186700767,0.6640972890025575,0.22077822390579796,0.16167270901820313,0.2810098054505904,C:\Users\nikla\Desktop\Peojekt\uqlm_white_box_scorer\phase_2_medical\outputs\ablations\hidden_pooling\pubmedqa_biomistral\mean_all\pubmedqa_biomistral_pool_mean_all.B5000.manifest.json,C:\Users\nikla\Desktop\Peojekt\uqlm_white_box_scorer\phase_2_medical\outputs\ablations\hidden_pooling\pubmedqa_biomistral\mean_all\pubmedqa_biomistral_pool_mean_all.B5000.results.jsonl,C:\Users\nikla\Desktop\Peojekt\uqlm_white_box_scorer\phase_2_medical\outputs\ablations\hidden_pooling\pubmedqa_biomistral\mean_all\pubmedqa_biomistral_pool_mean_all.B5000.manifest.bootstrap_indices.npz
pubmedqa,biomistral,mean_all,egh_probe_oof,1.0,1000,0.425,0.6289350383631713,0.62892470342711,0.5944097186700767,0.6640972890025575,0.22077822390579796,0.16167270901820313,0.2810098054505904,C:\Users\nikla\Desktop\Peojekt\uqlm_white_box_scorer\phase_2_medical\outputs\ablations\hidden_pooling\pubmedqa_biomistral\mean_all\pubmedqa_biomistral_pool_mean_all.B5000.manifest.json,C:\Users\nikla\Desktop\Peojekt\uqlm_white_box_scorer\phase_2_medical\outputs\ablations\hidden_pooling\pubmedqa_biomistral\mean_all\pubmedqa_biomistral_pool_mean_all.B5000.results.jsonl,C:\Users\nikla\Desktop\Peojekt\uqlm_white_box_scorer\phase_2_medical\outputs\ablations\hidden_pooling\pubmedqa_biomistral\mean_all\pubmedqa_biomistral_pool_mean_all.B5000.manifest.bootstrap_indices.npz
pubmedqa,biomistral,mean_all,egh_probe_scalar_only,1.0,1000,0.425,0.5598485933503837,0.5597414886956521,0.5227081329923273,0.5949415345268543,0.10230484445423871,0.03888674264189575,0.16258346253207065,C:\Users\nikla\Desktop\Peojekt\uqlm_white_box_scorer\phase_2_medical\outputs\ablations\hidden_pooling\pubmedqa_biomistral\mean_all\pubmedqa_biomistral_pool_mean_all.B5000.manifest.json,C:\Users\nikla\Desktop\Peojekt\uqlm_white_box_scorer\phase_2_medical\outputs\ablations\hidden_pooling\pubmedqa_biomistral\mean_all\pubmedqa_biomistral_pool_mean_all.B5000.results.jsonl,C:\Users\nikla\Desktop\Peojekt\uqlm_white_box_scorer\phase_2_medical\outputs\ablations\hidden_pooling\pubmedqa_biomistral\mean_all\pubmedqa_biomistral_pool_mean_all.B5000.manifest.bootstrap_indices.npz
pubmedqa,biomistral,mean_all,hidden_probe_oof,1.0,1000,0.425,0.5407672634271099,0.5410865153964194,0.5045932480818415,0.5772035805626599,0.07035895880217186,0.007865747369832114,0.1322079193756477,C:\Users\nikla\Desktop\Peojekt\uqlm_white_box_scorer\phase_2_medical\outputs\ablations\hidden_pooling\pubmedqa_biomistral\mean_all\pubmedqa_biomistral_pool_mean_all.B5000.manifest.json,C:\Users\nikla\Desktop\Peojekt\uqlm_white_box_scorer\phase_2_medical\outputs\ablations\hidden_pooling\pubmedqa_biomistral\mean_all\pubmedqa_biomistral_pool_mean_all.B5000.results.jsonl,C:\Users\nikla\Desktop\Peojekt\uqlm_white_box_scorer\phase_2_medical\outputs\ablations\hidden_pooling\pubmedqa_biomistral\mean_all\pubmedqa_biomistral_pool_mean_all.B5000.manifest.bootstrap_indices.npz
pubmedqa,biomistral,mean_all,lntp,1.0,1000,0.425,0.598657800511509,0.5988507756521739,0.5637937084398977,0.634490588235294,0.16930456538605812,0.10926186347787527,0.23034903420772188,C:\Users\nikla\Desktop\Peojekt\uqlm_white_box_scorer\phase_2_medical\outputs\ablations\hidden_pooling\pubmedqa_biomistral\mean_all\pubmedqa_biomistral_pool_mean_all.B5000.manifest.json,C:\Users\nikla\Desktop\Peojekt\uqlm_white_box_scorer\phase_2_medical\outputs\ablations\hidden_pooling\pubmedqa_biomistral\mean_all\pubmedqa_biomistral_pool_mean_all.B5000.results.jsonl,C:\Users\nikla\Desktop\Peojekt\uqlm_white_box_scorer\phase_2_medical\outputs\ablations\hidden_pooling\pubmedqa_biomistral\mean_all\pubmedqa_biomistral_pool_mean_all.B5000.manifest.bootstrap_indices.npz
pubmedqa,biomistral,mean_all,mtp,1.0,1000,0.425,0.598657800511509,0.5988507756521739,0.5637937084398977,0.634490588235294,0.16930456538605812,0.10926186347787527,0.23034903420772188,C:\Users\nikla\Desktop\Peojekt\uqlm_white_box_scorer\phase_2_medical\outputs\ablations\hidden_pooling\pubmedqa_biomistral\mean_all\pubmedqa_biomistral_pool_mean_all.B5000.manifest.json,C:\Users\nikla\Desktop\Peojekt\uqlm_white_box_scorer\phase_2_medical\outputs\ablations\hidden_pooling\pubmedqa_biomistral\mean_all\pubmedqa_biomistral_pool_mean_all.B5000.results.jsonl,C:\Users\nikla\Desktop\Peojekt\uqlm_white_box_scorer\phase_2_medical\outputs\ablations\hidden_pooling\pubmedqa_biomistral\mean_all\pubmedqa_biomistral_pool_mean_all.B5000.manifest.bootstrap_indices.npz
pubmedqa,biomistral,mean_answer,egh_ce,-1.0,1000,0.425,0.55373094629156,0.5541578528900256,0.5181022506393862,0.5888115089514065,0.0947809971448905,0.03169199597766532,0.15525481932675705,C:\Users\nikla\Desktop\Peojekt\uqlm_white_box_scorer\phase_2_medical\outputs\ablations\hidden_pooling\pubmedqa_biomistral\mean_answer\pubmedqa_biomistral_pool_mean_answer.B5000.manifest.json,C:\Users\nikla\Desktop\Peojekt\uqlm_white_box_scorer\phase_2_medical\outputs\ablations\hidden_pooling\pubmedqa_biomistral\mean_answer\pubmedqa_biomistral_pool_mean_answer.B5000.results.jsonl,C:\Users\nikla\Desktop\Peojekt\uqlm_white_box_scorer\phase_2_medical\outputs\ablations\hidden_pooling\pubmedqa_biomistral\mean_answer\pubmedqa_biomistral_pool_mean_answer.B5000.manifest.bootstrap_indices.npz
pubmedqa,biomistral,mean_answer,egh_emb_diff,1.0,1000,0.425,0.5280061381074168,0.5277139179539643,0.4921225063938619,0.5644795907928387,0.047680405149378324,-0.013552204066788389,0.11098575840714574,C:\Users\nikla\Desktop\Peojekt\uqlm_white_box_scorer\phase_2_medical\outputs\ablations\hidden_pooling\pubmedqa_biomistral\mean_answer\pubmedqa_biomistral_pool_mean_answer.B5000.manifest.json,C:\Users\nikla\Desktop\Peojekt\uqlm_white_box_scorer\phase_2_medical\outputs\ablations\hidden_pooling\pubmedqa_biomistral\mean_answer\pubmedqa_biomistral_pool_mean_answer.B5000.results.jsonl,C:\Users\nikla\Desktop\Peojekt\uqlm_white_box_scorer\phase_2_medical\outputs\ablations\hidden_pooling\pubmedqa_biomistral\mean_answer\pubmedqa_biomistral_pool_mean_answer.B5000.manifest.bootstrap_indices.npz
pubmedqa,biomistral,mean_answer,egh_entropy,1.0,1000,0.425,0.537841432225064,0.5374181855754475,0.5016899232736574,0.5728914066496164,0.06410674034787583,0.0028950813325479908,0.12487300748983157,C:\Users\nikla\Desktop\Peojekt\uqlm_white_box_scorer\phase_2_medical\outputs\ablations\hidden_pooling\pubmedqa_biomistral\mean_answer\pubmedqa_biomistral_pool_mean_answer.B5000.manifest.json,C:\Users\nikla\Desktop\Peojekt\uqlm_white_box_scorer\phase_2_medical\outputs\ablations\hidden_pooling\pubmedqa_biomistral\mean_answer\pubmedqa_biomistral_pool_mean_answer.B5000.results.jsonl,C:\Users\nikla\Desktop\Peojekt\uqlm_white_box_scorer\phase_2_medical\outputs\ablations\hidden_pooling\pubmedqa_biomistral\mean_answer\pubmedqa_biomistral_pool_mean_answer.B5000.manifest.bootstrap_indices.npz
pubmedqa,biomistral,mean_answer,egh_grad_norm,1.0,1000,0.425,0.5,0.5,0.5,0.5,,,,C:\Users\nikla\Desktop\Peojekt\uqlm_white_box_scorer\phase_2_medical\outputs\ablations\hidden_pooling\pubmedqa_biomistral\mean_answer\pubmedqa_biomistral_pool_mean_answer.B5000.manifest.json,C:\Users\nikla\Desktop\Peojekt\uqlm_white_box_scorer\phase_2_medical\outputs\ablations\hidden_pooling\pubmedqa_biomistral\mean_answer\pubmedqa_biomistral_pool_mean_answer.B5000.results.jsonl,C:\Users\nikla\Desktop\Peojekt\uqlm_white_box_scorer\phase_2_medical\outputs\ablations\hidden_pooling\pubmedqa_biomistral\mean_answer\pubmedqa_biomistral_pool_mean_answer.B5000.manifest.bootstrap_indices.npz
pubmedqa,biomistral,mean_answer,egh_kl,-1.0,1000,0.425,0.5511815856777494,0.5511377902813299,0.5156735549872123,0.5877100255754476,0.08834164645786032,0.02709589462826778,0.1515210949495947,C:\Users\nikla\Desktop\Peojekt\uqlm_white_box_scorer\phase_2_medical\outputs\ablations\hidden_pooling\pubmedqa_biomistral\mean_answer\pubmedqa_biomistral_pool_mean_answer.B5000.manifest.json,C:\Users\nikla\Desktop\Peojekt\uqlm_white_box_scorer\phase_2_medical\outputs\ablations\hidden_pooling\pubmedqa_biomistral\mean_answer\pubmedqa_biomistral_pool_mean_answer.B5000.results.jsonl,C:\Users\nikla\Desktop\Peojekt\uqlm_white_box_scorer\phase_2_medical\outputs\ablations\hidden_pooling\pubmedqa_biomistral\mean_answer\pubmedqa_biomistral_pool_mean_answer.B5000.manifest.bootstrap_indices.npz
pubmedqa,biomistral,mean_answer,egh_probe_e_only,1.0,1000,0.425,0.6289350383631713,0.62892470342711,0.5944097186700767,0.6640972890025575,0.22077822390579796,0.16167270901820313,0.2810098054505904,C:\Users\nikla\Desktop\Peojekt\uqlm_white_box_scorer\phase_2_medical\outputs\ablations\hidden_pooling\pubmedqa_biomistral\mean_answer\pubmedqa_biomistral_pool_mean_answer.B5000.manifest.json,C:\Users\nikla\Desktop\Peojekt\uqlm_white_box_scorer\phase_2_medical\outputs\ablations\hidden_pooling\pubmedqa_biomistral\mean_answer\pubmedqa_biomistral_pool_mean_answer.B5000.results.jsonl,C:\Users\nikla\Desktop\Peojekt\uqlm_white_box_scorer\phase_2_medical\outputs\ablations\hidden_pooling\pubmedqa_biomistral\mean_answer\pubmedqa_biomistral_pool_mean_answer.B5000.manifest.bootstrap_indices.npz
pubmedqa,biomistral,mean_answer,egh_probe_g_only,1.0,1000,0.425,0.5,0.5000975549872122,0.46920460358056265,0.5312020460358056,0.0002025861169486276,-0.062059931068752495,0.06301368556155966,C:\Users\nikla\Desktop\Peojekt\uqlm_white_box_scorer\phase_2_medical\outputs\ablations\hidden_pooling\pubmedqa_biomistral\mean_answer\pubmedqa_biomistral_pool_mean_answer.B5000.manifest.json,C:\Users\nikla\Desktop\Peojekt\uqlm_white_box_scorer\phase_2_medical\outputs\ablations\hidden_pooling\pubmedqa_biomistral\mean_answer\pubmedqa_biomistral_pool_mean_answer.B5000.results.jsonl,C:\Users\nikla\Desktop\Peojekt\uqlm_white_box_scorer\phase_2_medical\outputs\ablations\hidden_pooling\pubmedqa_biomistral\mean_answer\pubmedqa_biomistral_pool_mean_answer.B5000.manifest.bootstrap_indices.npz
pubmedqa,biomistral,mean_answer,egh_probe_ge,1.0,1000,0.425,0.6289350383631713,0.62892470342711,0.5944097186700767,0.6640972890025575,0.22077822390579796,0.16167270901820313,0.2810098054505904,C:\Users\nikla\Desktop\Peojekt\uqlm_white_box_scorer\phase_2_medical\outputs\ablations\hidden_pooling\pubmedqa_biomistral\mean_answer\pubmedqa_biomistral_pool_mean_answer.B5000.manifest.json,C:\Users\nikla\Desktop\Peojekt\uqlm_white_box_scorer\phase_2_medical\outputs\ablations\hidden_pooling\pubmedqa_biomistral\mean_answer\pubmedqa_biomistral_pool_mean_answer.B5000.results.jsonl,C:\Users\nikla\Desktop\Peojekt\uqlm_white_box_scorer\phase_2_medical\outputs\ablations\hidden_pooling\pubmedqa_biomistral\mean_answer\pubmedqa_biomistral_pool_mean_answer.B5000.manifest.bootstrap_indices.npz
pubmedqa,biomistral,mean_answer,egh_probe_oof,1.0,1000,0.425,0.6289350383631713,0.62892470342711,0.5944097186700767,0.6640972890025575,0.22077822390579796,0.16167270901820313,0.2810098054505904,C:\Users\nikla\Desktop\Peojekt\uqlm_white_box_scorer\phase_2_medical\outputs\ablations\hidden_pooling\pubmedqa_biomistral\mean_answer\pubmedqa_biomistral_pool_mean_answer.B5000.manifest.json,C:\Users\nikla\Desktop\Peojekt\uqlm_white_box_scorer\phase_2_medical\outputs\ablations\hidden_pooling\pubmedqa_biomistral\mean_answer\pubmedqa_biomistral_pool_mean_answer.B5000.results.jsonl,C:\Users\nikla\Desktop\Peojekt\uqlm_white_box_scorer\phase_2_medical\outputs\ablations\hidden_pooling\pubmedqa_biomistral\mean_answer\pubmedqa_biomistral_pool_mean_answer.B5000.manifest.bootstrap_indices.npz
pubmedqa,biomistral,mean_answer,egh_probe_scalar_only,1.0,1000,0.425,0.5598485933503837,0.5597414886956521,0.5227081329923273,0.5949415345268543,0.10230484445423871,0.03888674264189575,0.16258346253207065,C:\Users\nikla\Desktop\Peojekt\uqlm_white_box_scorer\phase_2_medical\outputs\ablations\hidden_pooling\pubmedqa_biomistral\mean_answer\pubmedqa_biomistral_pool_mean_answer.B5000.manifest.json,C:\Users\nikla\Desktop\Peojekt\uqlm_white_box_scorer\phase_2_medical\outputs\ablations\hidden_pooling\pubmedqa_biomistral\mean_answer\pubmedqa_biomistral_pool_mean_answer.B5000.results.jsonl,C:\Users\nikla\Desktop\Peojekt\uqlm_white_box_scorer\phase_2_medical\outputs\ablations\hidden_pooling\pubmedqa_biomistral\mean_answer\pubmedqa_biomistral_pool_mean_answer.B5000.manifest.bootstrap_indices.npz
pubmedqa,biomistral,mean_answer,hidden_probe_oof,1.0,1000,0.425,0.6609145780051151,0.6612160736572891,0.6267293094629157,0.6954685421994884,0.2760758602119755,0.2170187351260236,0.33473177407700955,C:\Users\nikla\Desktop\Peojekt\uqlm_white_box_scorer\phase_2_medical\outputs\ablations\hidden_pooling\pubmedqa_biomistral\mean_answer\pubmedqa_biomistral_pool_mean_answer.B5000.manifest.json,C:\Users\nikla\Desktop\Peojekt\uqlm_white_box_scorer\phase_2_medical\outputs\ablations\hidden_pooling\pubmedqa_biomistral\mean_answer\pubmedqa_biomistral_pool_mean_answer.B5000.results.jsonl,C:\Users\nikla\Desktop\Peojekt\uqlm_white_box_scorer\phase_2_medical\outputs\ablations\hidden_pooling\pubmedqa_biomistral\mean_answer\pubmedqa_biomistral_pool_mean_answer.B5000.manifest.bootstrap_indices.npz
pubmedqa,biomistral,mean_answer,lntp,1.0,1000,0.425,0.598657800511509,0.5988507756521739,0.5637937084398977,0.634490588235294,0.16930456538605812,0.10926186347787527,0.23034903420772188,C:\Users\nikla\Desktop\Peojekt\uqlm_white_box_scorer\phase_2_medical\outputs\ablations\hidden_pooling\pubmedqa_biomistral\mean_answer\pubmedqa_biomistral_pool_mean_answer.B5000.manifest.json,C:\Users\nikla\Desktop\Peojekt\uqlm_white_box_scorer\phase_2_medical\outputs\ablations\hidden_pooling\pubmedqa_biomistral\mean_answer\pubmedqa_biomistral_pool_mean_answer.B5000.results.jsonl,C:\Users\nikla\Desktop\Peojekt\uqlm_white_box_scorer\phase_2_medical\outputs\ablations\hidden_pooling\pubmedqa_biomistral\mean_answer\pubmedqa_biomistral_pool_mean_answer.B5000.manifest.bootstrap_indices.npz
pubmedqa,biomistral,mean_answer,mtp,1.0,1000,0.425,0.598657800511509,0.5988507756521739,0.5637937084398977,0.634490588235294,0.16930456538605812,0.10926186347787527,0.23034903420772188,C:\Users\nikla\Desktop\Peojekt\uqlm_white_box_scorer\phase_2_medical\outputs\ablations\hidden_pooling\pubmedqa_biomistral\mean_answer\pubmedqa_biomistral_pool_mean_answer.B5000.manifest.json,C:\Users\nikla\Desktop\Peojekt\uqlm_white_box_scorer\phase_2_medical\outputs\ablations\hidden_pooling\pubmedqa_biomistral\mean_answer\pubmedqa_biomistral_pool_mean_answer.B5000.results.jsonl,C:\Users\nikla\Desktop\Peojekt\uqlm_white_box_scorer\phase_2_medical\outputs\ablations\hidden_pooling\pubmedqa_biomistral\mean_answer\pubmedqa_biomistral_pool_mean_answer.B5000.manifest.bootstrap_indices.npz
pubmedqa,mistral,last_answer,egh_ce,-1.0,1000,0.513,0.5157186257910347,0.5161890990309449,0.4797999447626595,0.5517875083556485,0.02814681415931297,-0.03510276759565428,0.09002867010144902,C:\Users\nikla\Desktop\Peojekt\uqlm_white_box_scorer\phase_2_medical\outputs\ablations\hidden_pooling\pubmedqa_mistral\last_answer\pubmedqa_mistral_pool_last_answer.B5000.manifest.json,C:\Users\nikla\Desktop\Peojekt\uqlm_white_box_scorer\phase_2_medical\outputs\ablations\hidden_pooling\pubmedqa_mistral\last_answer\pubmedqa_mistral_pool_last_answer.B5000.results.jsonl,C:\Users\nikla\Desktop\Peojekt\uqlm_white_box_scorer\phase_2_medical\outputs\ablations\hidden_pooling\pubmedqa_mistral\last_answer\pubmedqa_mistral_pool_last_answer.B5000.manifest.bootstrap_indices.npz
pubmedqa,mistral,last_answer,egh_emb_diff,-1.0,1000,0.513,0.528589326384636,0.5287133970564101,0.4923097013581181,0.5638053324047055,0.049865024222662514,-0.01335244408984169,0.11080559301098235,C:\Users\nikla\Desktop\Peojekt\uqlm_white_box_scorer\phase_2_medical\outputs\ablations\hidden_pooling\pubmedqa_mistral\last_answer\pubmedqa_mistral_pool_last_answer.B5000.manifest.json,C:\Users\nikla\Desktop\Peojekt\uqlm_white_box_scorer\phase_2_medical\outputs\ablations\hidden_pooling\pubmedqa_mistral\last_answer\pubmedqa_mistral_pool_last_answer.B5000.results.jsonl,C:\Users\nikla\Desktop\Peojekt\uqlm_white_box_scorer\phase_2_medical\outputs\ablations\hidden_pooling\pubmedqa_mistral\last_answer\pubmedqa_mistral_pool_last_answer.B5000.manifest.bootstrap_indices.npz
pubmedqa,mistral,last_answer,egh_entropy,-1.0,1000,0.513,0.5299202260728253,0.5297031769476165,0.49347483899115807,0.5654067649731217,0.05143080470306999,-0.011298267964604826,0.11325104828564324,C:\Users\nikla\Desktop\Peojekt\uqlm_white_box_scorer\phase_2_medical\outputs\ablations\hidden_pooling\pubmedqa_mistral\last_answer\pubmedqa_mistral_pool_last_answer.B5000.manifest.json,C:\Users\nikla\Desktop\Peojekt\uqlm_white_box_scorer\phase_2_medical\outputs\ablations\hidden_pooling\pubmedqa_mistral\last_answer\pubmedqa_mistral_pool_last_answer.B5000.results.jsonl,C:\Users\nikla\Desktop\Peojekt\uqlm_white_box_scorer\phase_2_medical\outputs\ablations\hidden_pooling\pubmedqa_mistral\last_answer\pubmedqa_mistral_pool_last_answer.B5000.manifest.bootstrap_indices.npz
pubmedqa,mistral,last_answer,egh_grad_norm,1.0,1000,0.513,0.5,0.5,0.5,0.5,,,,C:\Users\nikla\Desktop\Peojekt\uqlm_white_box_scorer\phase_2_medical\outputs\ablations\hidden_pooling\pubmedqa_mistral\last_answer\pubmedqa_mistral_pool_last_answer.B5000.manifest.json,C:\Users\nikla\Desktop\Peojekt\uqlm_white_box_scorer\phase_2_medical\outputs\ablations\hidden_pooling\pubmedqa_mistral\last_answer\pubmedqa_mistral_pool_last_answer.B5000.results.jsonl,C:\Users\nikla\Desktop\Peojekt\uqlm_white_box_scorer\phase_2_medical\outputs\ablations\hidden_pooling\pubmedqa_mistral\last_answer\pubmedqa_mistral_pool_last_answer.B5000.manifest.bootstrap_indices.npz
pubmedqa,mistral,last_answer,egh_kl,1.0,1000,0.513,0.5128927154756615,0.5125519951487205,0.47697608583402373,0.5486129123287341,0.021753807590608697,-0.03989947813456649,0.08425142063315824,C:\Users\nikla\Desktop\Peojekt\uqlm_white_box_scorer\phase_2_medical\outputs\ablations\hidden_pooling\pubmedqa_mistral\last_answer\pubmedqa_mistral_pool_last_answer.B5000.manifest.json,C:\Users\nikla\Desktop\Peojekt\uqlm_white_box_scorer\phase_2_medical\outputs\ablations\hidden_pooling\pubmedqa_mistral\last_answer\pubmedqa_mistral_pool_last_answer.B5000.results.jsonl,C:\Users\nikla\Desktop\Peojekt\uqlm_white_box_scorer\phase_2_medical\outputs\ablations\hidden_pooling\pubmedqa_mistral\last_answer\pubmedqa_mistral_pool_last_answer.B5000.manifest.bootstrap_indices.npz
pubmedqa,mistral,last_answer,egh_probe_e_only,1.0,1000,0.513,0.7173089008169522,0.7170098746752804,0.685788292885991,0.748670801461788,0.3757459995636343,0.3216868078032175,0.43056599726965067,C:\Users\nikla\Desktop\Peojekt\uqlm_white_box_scorer\phase_2_medical\outputs\ablations\hidden_pooling\pubmedqa_mistral\last_answer\pubmedqa_mistral_pool_last_answer.B5000.manifest.json,C:\Users\nikla\Desktop\Peojekt\uqlm_white_box_scorer\phase_2_medical\outputs\ablations\hidden_pooling\pubmedqa_mistral\last_answer\pubmedqa_mistral_pool_last_answer.B5000.results.jsonl,C:\Users\nikla\Desktop\Peojekt\uqlm_white_box_scorer\phase_2_medical\outputs\ablations\hidden_pooling\pubmedqa_mistral\last_answer\pubmedqa_mistral_pool_last_answer.B5000.manifest.bootstrap_indices.npz
pubmedqa,mistral,last_answer,egh_probe_g_only,-1.0,1000,0.513,0.5024016234974843,0.5024799356364903,0.4717175810848133,0.5327887652052786,0.0050600318774836235,-0.05757611710388215,0.067051073781215,C:\Users\nikla\Desktop\Peojekt\uqlm_white_box_scorer\phase_2_medical\outputs\ablations\hidden_pooling\pubmedqa_mistral\last_answer\pubmedqa_mistral_pool_last_answer.B5000.manifest.json,C:\Users\nikla\Desktop\Peojekt\uqlm_white_box_scorer\phase_2_medical\outputs\ablations\hidden_pooling\pubmedqa_mistral\last_answer\pubmedqa_mistral_pool_last_answer.B5000.results.jsonl,C:\Users\nikla\Desktop\Peojekt\uqlm_white_box_scorer\phase_2_medical\outputs\ablations\hidden_pooling\pubmedqa_mistral\last_answer\pubmedqa_mistral_pool_last_answer.B5000.manifest.bootstrap_indices.npz
pubmedqa,mistral,last_answer,egh_probe_ge,1.0,1000,0.513,0.7173089008169522,0.7170098746752804,0.685788292885991,0.748670801461788,0.3757459995636343,0.3216868078032175,0.43056599726965067,C:\Users\nikla\Desktop\Peojekt\uqlm_white_box_scorer\phase_2_medical\outputs\ablations\hidden_pooling\pubmedqa_mistral\last_answer\pubmedqa_mistral_pool_last_answer.B5000.manifest.json,C:\Users\nikla\Desktop\Peojekt\uqlm_white_box_scorer\phase_2_medical\outputs\ablations\hidden_pooling\pubmedqa_mistral\last_answer\pubmedqa_mistral_pool_last_answer.B5000.results.jsonl,C:\Users\nikla\Desktop\Peojekt\uqlm_white_box_scorer\phase_2_medical\outputs\ablations\hidden_pooling\pubmedqa_mistral\last_answer\pubmedqa_mistral_pool_last_answer.B5000.manifest.bootstrap_indices.npz
pubmedqa,mistral,last_answer,egh_probe_oof,1.0,1000,0.513,0.7173089008169522,0.7170098746752804,0.685788292885991,0.748670801461788,0.3757459995636343,0.3216868078032175,0.43056599726965067,C:\Users\nikla\Desktop\Peojekt\uqlm_white_box_scorer\phase_2_medical\outputs\ablations\hidden_pooling\pubmedqa_mistral\last_answer\pubmedqa_mistral_pool_last_answer.B5000.manifest.json,C:\Users\nikla\Desktop\Peojekt\uqlm_white_box_scorer\phase_2_medical\outputs\ablations\hidden_pooling\pubmedqa_mistral\last_answer\pubmedqa_mistral_pool_last_answer.B5000.results.jsonl,C:\Users\nikla\Desktop\Peojekt\uqlm_white_box_scorer\phase_2_medical\outputs\ablations\hidden_pooling\pubmedqa_mistral\last_answer\pubmedqa_mistral_pool_last_answer.B5000.manifest.bootstrap_indices.npz
pubmedqa,mistral,last_answer,egh_probe_scalar_only,1.0,1000,0.513,0.5468536730830041,0.546914600670053,0.5107006336283327,0.5829070451625299,0.08123120603917687,0.018527821641834637,0.14355103980049813,C:\Users\nikla\Desktop\Peojekt\uqlm_white_box_scorer\phase_2_medical\outputs\ablations\hidden_pooling\pubmedqa_mistral\last_answer\pubmedqa_mistral_pool_last_answer.B5000.manifest.json,C:\Users\nikla\Desktop\Peojekt\uqlm_white_box_scorer\phase_2_medical\outputs\ablations\hidden_pooling\pubmedqa_mistral\last_answer\pubmedqa_mistral_pool_last_answer.B5000.results.jsonl,C:\Users\nikla\Desktop\Peojekt\uqlm_white_box_scorer\phase_2_medical\outputs\ablations\hidden_pooling\pubmedqa_mistral\last_answer\pubmedqa_mistral_pool_last_answer.B5000.manifest.bootstrap_indices.npz
pubmedqa,mistral,last_answer,hidden_probe_oof,1.0,1000,0.513,0.6863159495819173,0.6865352922575662,0.6532202769071894,0.7194677602058991,0.32298018676266166,0.26529622643641354,0.3800018245723876,C:\Users\nikla\Desktop\Peojekt\uqlm_white_box_scorer\phase_2_medical\outputs\ablations\hidden_pooling\pubmedqa_mistral\last_answer\pubmedqa_mistral_pool_last_answer.B5000.manifest.json,C:\Users\nikla\Desktop\Peojekt\uqlm_white_box_scorer\phase_2_medical\outputs\ablations\hidden_pooling\pubmedqa_mistral\last_answer\pubmedqa_mistral_pool_last_answer.B5000.results.jsonl,C:\Users\nikla\Desktop\Peojekt\uqlm_white_box_scorer\phase_2_medical\outputs\ablations\hidden_pooling\pubmedqa_mistral\last_answer\pubmedqa_mistral_pool_last_answer.B5000.manifest.bootstrap_indices.npz
pubmedqa,mistral,last_answer,lntp,1.0,1000,0.513,0.7128078581120839,0.712699408800349,0.6805072228826687,0.7441522969527398,0.3683127307825346,0.3125693630297912,0.4227740245798434,C:\Users\nikla\Desktop\Peojekt\uqlm_white_box_scorer\phase_2_medical\outputs\ablations\hidden_pooling\pubmedqa_mistral\last_answer\pubmedqa_mistral_pool_last_answer.B5000.manifest.json,C:\Users\nikla\Desktop\Peojekt\uqlm_white_box_scorer\phase_2_medical\outputs\ablations\hidden_pooling\pubmedqa_mistral\last_answer\pubmedqa_mistral_pool_last_answer.B5000.results.jsonl,C:\Users\nikla\Desktop\Peojekt\uqlm_white_box_scorer\phase_2_medical\outputs\ablations\hidden_pooling\pubmedqa_mistral\last_answer\pubmedqa_mistral_pool_last_answer.B5000.manifest.bootstrap_indices.npz
pubmedqa,mistral,last_answer,mtp,1.0,1000,0.513,0.7128078581120839,0.712699408800349,0.6805072228826687,0.7441522969527398,0.3683127307825346,0.3125693630297912,0.4227740245798434,C:\Users\nikla\Desktop\Peojekt\uqlm_white_box_scorer\phase_2_medical\outputs\ablations\hidden_pooling\pubmedqa_mistral\last_answer\pubmedqa_mistral_pool_last_answer.B5000.manifest.json,C:\Users\nikla\Desktop\Peojekt\uqlm_white_box_scorer\phase_2_medical\outputs\ablations\hidden_pooling\pubmedqa_mistral\last_answer\pubmedqa_mistral_pool_last_answer.B5000.results.jsonl,C:\Users\nikla\Desktop\Peojekt\uqlm_white_box_scorer\phase_2_medical\outputs\ablations\hidden_pooling\pubmedqa_mistral\last_answer\pubmedqa_mistral_pool_last_answer.B5000.manifest.bootstrap_indices.npz
pubmedqa,mistral,mean_all,egh_ce,-1.0,1000,0.513,0.5157186257910347,0.5161890990309449,0.4797999447626595,0.5517875083556485,0.02814681415931297,-0.03510276759565428,0.09002867010144902,C:\Users\nikla\Desktop\Peojekt\uqlm_white_box_scorer\phase_2_medical\outputs\ablations\hidden_pooling\pubmedqa_mistral\mean_all\pubmedqa_mistral_pool_mean_all.B5000.manifest.json,C:\Users\nikla\Desktop\Peojekt\uqlm_white_box_scorer\phase_2_medical\outputs\ablations\hidden_pooling\pubmedqa_mistral\mean_all\pubmedqa_mistral_pool_mean_all.B5000.results.jsonl,C:\Users\nikla\Desktop\Peojekt\uqlm_white_box_scorer\phase_2_medical\outputs\ablations\hidden_pooling\pubmedqa_mistral\mean_all\pubmedqa_mistral_pool_mean_all.B5000.manifest.bootstrap_indices.npz
pubmedqa,mistral,mean_all,egh_emb_diff,-1.0,1000,0.513,0.528589326384636,0.5287133970564101,0.4923097013581181,0.5638053324047055,0.049865024222662514,-0.01335244408984169,0.11080559301098235,C:\Users\nikla\Desktop\Peojekt\uqlm_white_box_scorer\phase_2_medical\outputs\ablations\hidden_pooling\pubmedqa_mistral\mean_all\pubmedqa_mistral_pool_mean_all.B5000.manifest.json,C:\Users\nikla\Desktop\Peojekt\uqlm_white_box_scorer\phase_2_medical\outputs\ablations\hidden_pooling\pubmedqa_mistral\mean_all\pubmedqa_mistral_pool_mean_all.B5000.results.jsonl,C:\Users\nikla\Desktop\Peojekt\uqlm_white_box_scorer\phase_2_medical\outputs\ablations\hidden_pooling\pubmedqa_mistral\mean_all\pubmedqa_mistral_pool_mean_all.B5000.manifest.bootstrap_indices.npz
pubmedqa,mistral,mean_all,egh_entropy,-1.0,1000,0.513,0.5299202260728253,0.5297031769476165,0.49347483899115807,0.5654067649731217,0.05143080470306999,-0.011298267964604826,0.11325104828564324,C:\Users\nikla\Desktop\Peojekt\uqlm_white_box_scorer\phase_2_medical\outputs\ablations\hidden_pooling\pubmedqa_mistral\mean_all\pubmedqa_mistral_pool_mean_all.B5000.manifest.json,C:\Users\nikla\Desktop\Peojekt\uqlm_white_box_scorer\phase_2_medical\outputs\ablations\hidden_pooling\pubmedqa_mistral\mean_all\pubmedqa_mistral_pool_mean_all.B5000.results.jsonl,C:\Users\nikla\Desktop\Peojekt\uqlm_white_box_scorer\phase_2_medical\outputs\ablations\hidden_pooling\pubmedqa_mistral\mean_all\pubmedqa_mistral_pool_mean_all.B5000.manifest.bootstrap_indices.npz
pubmedqa,mistral,mean_all,egh_grad_norm,1.0,1000,0.513,0.5,0.5,0.5,0.5,,,,C:\Users\nikla\Desktop\Peojekt\uqlm_white_box_scorer\phase_2_medical\outputs\ablations\hidden_pooling\pubmedqa_mistral\mean_all\pubmedqa_mistral_pool_mean_all.B5000.manifest.json,C:\Users\nikla\Desktop\Peojekt\uqlm_white_box_scorer\phase_2_medical\outputs\ablations\hidden_pooling\pubmedqa_mistral\mean_all\pubmedqa_mistral_pool_mean_all.B5000.results.jsonl,C:\Users\nikla\Desktop\Peojekt\uqlm_white_box_scorer\phase_2_medical\outputs\ablations\hidden_pooling\pubmedqa_mistral\mean_all\pubmedqa_mistral_pool_mean_all.B5000.manifest.bootstrap_indices.npz
pubmedqa,mistral,mean_all,egh_kl,1.0,1000,0.513,0.5128927154756615,0.5125519951487205,0.47697608583402373,0.5486129123287341,0.021753807590608697,-0.03989947813456649,0.08425142063315824,C:\Users\nikla\Desktop\Peojekt\uqlm_white_box_scorer\phase_2_medical\outputs\ablations\hidden_pooling\pubmedqa_mistral\mean_all\pubmedqa_mistral_pool_mean_all.B5000.manifest.json,C:\Users\nikla\Desktop\Peojekt\uqlm_white_box_scorer\phase_2_medical\outputs\ablations\hidden_pooling\pubmedqa_mistral\mean_all\pubmedqa_mistral_pool_mean_all.B5000.results.jsonl,C:\Users\nikla\Desktop\Peojekt\uqlm_white_box_scorer\phase_2_medical\outputs\ablations\hidden_pooling\pubmedqa_mistral\mean_all\pubmedqa_mistral_pool_mean_all.B5000.manifest.bootstrap_indices.npz
pubmedqa,mistral,mean_all,egh_probe_e_only,1.0,1000,0.513,0.7173089008169522,0.7170098746752804,0.685788292885991,0.748670801461788,0.3757459995636343,0.3216868078032175,0.43056599726965067,C:\Users\nikla\Desktop\Peojekt\uqlm_white_box_scorer\phase_2_medical\outputs\ablations\hidden_pooling\pubmedqa_mistral\mean_all\pubmedqa_mistral_pool_mean_all.B5000.manifest.json,C:\Users\nikla\Desktop\Peojekt\uqlm_white_box_scorer\phase_2_medical\outputs\ablations\hidden_pooling\pubmedqa_mistral\mean_all\pubmedqa_mistral_pool_mean_all.B5000.results.jsonl,C:\Users\nikla\Desktop\Peojekt\uqlm_white_box_scorer\phase_2_medical\outputs\ablations\hidden_pooling\pubmedqa_mistral\mean_all\pubmedqa_mistral_pool_mean_all.B5000.manifest.bootstrap_indices.npz
pubmedqa,mistral,mean_all,egh_probe_g_only,-1.0,1000,0.513,0.5024016234974843,0.5024799356364903,0.4717175810848133,0.5327887652052786,0.0050600318774836235,-0.05757611710388215,0.067051073781215,C:\Users\nikla\Desktop\Peojekt\uqlm_white_box_scorer\phase_2_medical\outputs\ablations\hidden_pooling\pubmedqa_mistral\mean_all\pubmedqa_mistral_pool_mean_all.B5000.manifest.json,C:\Users\nikla\Desktop\Peojekt\uqlm_white_box_scorer\phase_2_medical\outputs\ablations\hidden_pooling\pubmedqa_mistral\mean_all\pubmedqa_mistral_pool_mean_all.B5000.results.jsonl,C:\Users\nikla\Desktop\Peojekt\uqlm_white_box_scorer\phase_2_medical\outputs\ablations\hidden_pooling\pubmedqa_mistral\mean_all\pubmedqa_mistral_pool_mean_all.B5000.manifest.bootstrap_indices.npz
pubmedqa,mistral,mean_all,egh_probe_ge,1.0,1000,0.513,0.7173089008169522,0.7170098746752804,0.685788292885991,0.748670801461788,0.3757459995636343,0.3216868078032175,0.43056599726965067,C:\Users\nikla\Desktop\Peojekt\uqlm_white_box_scorer\phase_2_medical\outputs\ablations\hidden_pooling\pubmedqa_mistral\mean_all\pubmedqa_mistral_pool_mean_all.B5000.manifest.json,C:\Users\nikla\Desktop\Peojekt\uqlm_white_box_scorer\phase_2_medical\outputs\ablations\hidden_pooling\pubmedqa_mistral\mean_all\pubmedqa_mistral_pool_mean_all.B5000.results.jsonl,C:\Users\nikla\Desktop\Peojekt\uqlm_white_box_scorer\phase_2_medical\outputs\ablations\hidden_pooling\pubmedqa_mistral\mean_all\pubmedqa_mistral_pool_mean_all.B5000.manifest.bootstrap_indices.npz
pubmedqa,mistral,mean_all,egh_probe_oof,1.0,1000,0.513,0.7173089008169522,0.7170098746752804,0.685788292885991,0.748670801461788,0.3757459995636343,0.3216868078032175,0.43056599726965067,C:\Users\nikla\Desktop\Peojekt\uqlm_white_box_scorer\phase_2_medical\outputs\ablations\hidden_pooling\pubmedqa_mistral\mean_all\pubmedqa_mistral_pool_mean_all.B5000.manifest.json,C:\Users\nikla\Desktop\Peojekt\uqlm_white_box_scorer\phase_2_medical\outputs\ablations\hidden_pooling\pubmedqa_mistral\mean_all\pubmedqa_mistral_pool_mean_all.B5000.results.jsonl,C:\Users\nikla\Desktop\Peojekt\uqlm_white_box_scorer\phase_2_medical\outputs\ablations\hidden_pooling\pubmedqa_mistral\mean_all\pubmedqa_mistral_pool_mean_all.B5000.manifest.bootstrap_indices.npz
pubmedqa,mistral,mean_all,egh_probe_scalar_only,1.0,1000,0.513,0.5468536730830041,0.546914600670053,0.5107006336283327,0.5829070451625299,0.08123120603917687,0.018527821641834637,0.14355103980049813,C:\Users\nikla\Desktop\Peojekt\uqlm_white_box_scorer\phase_2_medical\outputs\ablations\hidden_pooling\pubmedqa_mistral\mean_all\pubmedqa_mistral_pool_mean_all.B5000.manifest.json,C:\Users\nikla\Desktop\Peojekt\uqlm_white_box_scorer\phase_2_medical\outputs\ablations\hidden_pooling\pubmedqa_mistral\mean_all\pubmedqa_mistral_pool_mean_all.B5000.results.jsonl,C:\Users\nikla\Desktop\Peojekt\uqlm_white_box_scorer\phase_2_medical\outputs\ablations\hidden_pooling\pubmedqa_mistral\mean_all\pubmedqa_mistral_pool_mean_all.B5000.manifest.bootstrap_indices.npz
pubmedqa,mistral,mean_all,hidden_probe_oof,1.0,1000,0.513,0.5122302676609387,0.5120680796218243,0.47700385460571343,0.5475478423414227,0.020895512901970097,-0.03981712809702119,0.08232762752458829,C:\Users\nikla\Desktop\Peojekt\uqlm_white_box_scorer\phase_2_medical\outputs\ablations\hidden_pooling\pubmedqa_mistral\mean_all\pubmedqa_mistral_pool_mean_all.B5000.manifest.json,C:\Users\nikla\Desktop\Peojekt\uqlm_white_box_scorer\phase_2_medical\outputs\ablations\hidden_pooling\pubmedqa_mistral\mean_all\pubmedqa_mistral_pool_mean_all.B5000.results.jsonl,C:\Users\nikla\Desktop\Peojekt\uqlm_white_box_scorer\phase_2_medical\outputs\ablations\hidden_pooling\pubmedqa_mistral\mean_all\pubmedqa_mistral_pool_mean_all.B5000.manifest.bootstrap_indices.npz
pubmedqa,mistral,mean_all,lntp,1.0,1000,0.513,0.7128078581120839,0.712699408800349,0.6805072228826687,0.7441522969527398,0.3683127307825346,0.3125693630297912,0.4227740245798434,C:\Users\nikla\Desktop\Peojekt\uqlm_white_box_scorer\phase_2_medical\outputs\ablations\hidden_pooling\pubmedqa_mistral\mean_all\pubmedqa_mistral_pool_mean_all.B5000.manifest.json,C:\Users\nikla\Desktop\Peojekt\uqlm_white_box_scorer\phase_2_medical\outputs\ablations\hidden_pooling\pubmedqa_mistral\mean_all\pubmedqa_mistral_pool_mean_all.B5000.results.jsonl,C:\Users\nikla\Desktop\Peojekt\uqlm_white_box_scorer\phase_2_medical\outputs\ablations\hidden_pooling\pubmedqa_mistral\mean_all\pubmedqa_mistral_pool_mean_all.B5000.manifest.bootstrap_indices.npz
pubmedqa,mistral,mean_all,mtp,1.0,1000,0.513,0.7128078581120839,0.712699408800349,0.6805072228826687,0.7441522969527398,0.3683127307825346,0.3125693630297912,0.4227740245798434,C:\Users\nikla\Desktop\Peojekt\uqlm_white_box_scorer\phase_2_medical\outputs\ablations\hidden_pooling\pubmedqa_mistral\mean_all\pubmedqa_mistral_pool_mean_all.B5000.manifest.json,C:\Users\nikla\Desktop\Peojekt\uqlm_white_box_scorer\phase_2_medical\outputs\ablations\hidden_pooling\pubmedqa_mistral\mean_all\pubmedqa_mistral_pool_mean_all.B5000.results.jsonl,C:\Users\nikla\Desktop\Peojekt\uqlm_white_box_scorer\phase_2_medical\outputs\ablations\hidden_pooling\pubmedqa_mistral\mean_all\pubmedqa_mistral_pool_mean_all.B5000.manifest.bootstrap_indices.npz
pubmedqa,mistral,mean_answer,egh_ce,-1.0,1000,0.513,0.5157186257910347,0.5161890990309449,0.4797999447626595,0.5517875083556485,0.02814681415931297,-0.03510276759565428,0.09002867010144902,C:\Users\nikla\Desktop\Peojekt\uqlm_white_box_scorer\phase_2_medical\outputs\ablations\hidden_pooling\pubmedqa_mistral\mean_answer\pubmedqa_mistral_pool_mean_answer.B5000.manifest.json,C:\Users\nikla\Desktop\Peojekt\uqlm_white_box_scorer\phase_2_medical\outputs\ablations\hidden_pooling\pubmedqa_mistral\mean_answer\pubmedqa_mistral_pool_mean_answer.B5000.results.jsonl,C:\Users\nikla\Desktop\Peojekt\uqlm_white_box_scorer\phase_2_medical\outputs\ablations\hidden_pooling\pubmedqa_mistral\mean_answer\pubmedqa_mistral_pool_mean_answer.B5000.manifest.bootstrap_indices.npz
pubmedqa,mistral,mean_answer,egh_emb_diff,-1.0,1000,0.513,0.528589326384636,0.5287133970564101,0.4923097013581181,0.5638053324047055,0.049865024222662514,-0.01335244408984169,0.11080559301098235,C:\Users\nikla\Desktop\Peojekt\uqlm_white_box_scorer\phase_2_medical\outputs\ablations\hidden_pooling\pubmedqa_mistral\mean_answer\pubmedqa_mistral_pool_mean_answer.B5000.manifest.json,C:\Users\nikla\Desktop\Peojekt\uqlm_white_box_scorer\phase_2_medical\outputs\ablations\hidden_pooling\pubmedqa_mistral\mean_answer\pubmedqa_mistral_pool_mean_answer.B5000.results.jsonl,C:\Users\nikla\Desktop\Peojekt\uqlm_white_box_scorer\phase_2_medical\outputs\ablations\hidden_pooling\pubmedqa_mistral\mean_answer\pubmedqa_mistral_pool_mean_answer.B5000.manifest.bootstrap_indices.npz
pubmedqa,mistral,mean_answer,egh_entropy,-1.0,1000,0.513,0.5299202260728253,0.5297031769476165,0.49347483899115807,0.5654067649731217,0.05143080470306999,-0.011298267964604826,0.11325104828564324,C:\Users\nikla\Desktop\Peojekt\uqlm_white_box_scorer\phase_2_medical\outputs\ablations\hidden_pooling\pubmedqa_mistral\mean_answer\pubmedqa_mistral_pool_mean_answer.B5000.manifest.json,C:\Users\nikla\Desktop\Peojekt\uqlm_white_box_scorer\phase_2_medical\outputs\ablations\hidden_pooling\pubmedqa_mistral\mean_answer\pubmedqa_mistral_pool_mean_answer.B5000.results.jsonl,C:\Users\nikla\Desktop\Peojekt\uqlm_white_box_scorer\phase_2_medical\outputs\ablations\hidden_pooling\pubmedqa_mistral\mean_answer\pubmedqa_mistral_pool_mean_answer.B5000.manifest.bootstrap_indices.npz
pubmedqa,mistral,mean_answer,egh_grad_norm,1.0,1000,0.513,0.5,0.5,0.5,0.5,,,,C:\Users\nikla\Desktop\Peojekt\uqlm_white_box_scorer\phase_2_medical\outputs\ablations\hidden_pooling\pubmedqa_mistral\mean_answer\pubmedqa_mistral_pool_mean_answer.B5000.manifest.json,C:\Users\nikla\Desktop\Peojekt\uqlm_white_box_scorer\phase_2_medical\outputs\ablations\hidden_pooling\pubmedqa_mistral\mean_answer\pubmedqa_mistral_pool_mean_answer.B5000.results.jsonl,C:\Users\nikla\Desktop\Peojekt\uqlm_white_box_scorer\phase_2_medical\outputs\ablations\hidden_pooling\pubmedqa_mistral\mean_answer\pubmedqa_mistral_pool_mean_answer.B5000.manifest.bootstrap_indices.npz
pubmedqa,mistral,mean_answer,egh_kl,1.0,1000,0.513,0.5128927154756615,0.5125519951487205,0.47697608583402373,0.5486129123287341,0.021753807590608697,-0.03989947813456649,0.08425142063315824,C:\Users\nikla\Desktop\Peojekt\uqlm_white_box_scorer\phase_2_medical\outputs\ablations\hidden_pooling\pubmedqa_mistral\mean_answer\pubmedqa_mistral_pool_mean_answer.B5000.manifest.json,C:\Users\nikla\Desktop\Peojekt\uqlm_white_box_scorer\phase_2_medical\outputs\ablations\hidden_pooling\pubmedqa_mistral\mean_answer\pubmedqa_mistral_pool_mean_answer.B5000.results.jsonl,C:\Users\nikla\Desktop\Peojekt\uqlm_white_box_scorer\phase_2_medical\outputs\ablations\hidden_pooling\pubmedqa_mistral\mean_answer\pubmedqa_mistral_pool_mean_answer.B5000.manifest.bootstrap_indices.npz
pubmedqa,mistral,mean_answer,egh_probe_e_only,1.0,1000,0.513,0.7173089008169522,0.7170098746752804,0.685788292885991,0.748670801461788,0.3757459995636343,0.3216868078032175,0.43056599726965067,C:\Users\nikla\Desktop\Peojekt\uqlm_white_box_scorer\phase_2_medical\outputs\ablations\hidden_pooling\pubmedqa_mistral\mean_answer\pubmedqa_mistral_pool_mean_answer.B5000.manifest.json,C:\Users\nikla\Desktop\Peojekt\uqlm_white_box_scorer\phase_2_medical\outputs\ablations\hidden_pooling\pubmedqa_mistral\mean_answer\pubmedqa_mistral_pool_mean_answer.B5000.results.jsonl,C:\Users\nikla\Desktop\Peojekt\uqlm_white_box_scorer\phase_2_medical\outputs\ablations\hidden_pooling\pubmedqa_mistral\mean_answer\pubmedqa_mistral_pool_mean_answer.B5000.manifest.bootstrap_indices.npz
pubmedqa,mistral,mean_answer,egh_probe_g_only,-1.0,1000,0.513,0.5024016234974843,0.5024799356364903,0.4717175810848133,0.5327887652052786,0.0050600318774836235,-0.05757611710388215,0.067051073781215,C:\Users\nikla\Desktop\Peojekt\uqlm_white_box_scorer\phase_2_medical\outputs\ablations\hidden_pooling\pubmedqa_mistral\mean_answer\pubmedqa_mistral_pool_mean_answer.B5000.manifest.json,C:\Users\nikla\Desktop\Peojekt\uqlm_white_box_scorer\phase_2_medical\outputs\ablations\hidden_pooling\pubmedqa_mistral\mean_answer\pubmedqa_mistral_pool_mean_answer.B5000.results.jsonl,C:\Users\nikla\Desktop\Peojekt\uqlm_white_box_scorer\phase_2_medical\outputs\ablations\hidden_pooling\pubmedqa_mistral\mean_answer\pubmedqa_mistral_pool_mean_answer.B5000.manifest.bootstrap_indices.npz
pubmedqa,mistral,mean_answer,egh_probe_ge,1.0,1000,0.513,0.7173089008169522,0.7170098746752804,0.685788292885991,0.748670801461788,0.3757459995636343,0.3216868078032175,0.43056599726965067,C:\Users\nikla\Desktop\Peojekt\uqlm_white_box_scorer\phase_2_medical\outputs\ablations\hidden_pooling\pubmedqa_mistral\mean_answer\pubmedqa_mistral_pool_mean_answer.B5000.manifest.json,C:\Users\nikla\Desktop\Peojekt\uqlm_white_box_scorer\phase_2_medical\outputs\ablations\hidden_pooling\pubmedqa_mistral\mean_answer\pubmedqa_mistral_pool_mean_answer.B5000.results.jsonl,C:\Users\nikla\Desktop\Peojekt\uqlm_white_box_scorer\phase_2_medical\outputs\ablations\hidden_pooling\pubmedqa_mistral\mean_answer\pubmedqa_mistral_pool_mean_answer.B5000.manifest.bootstrap_indices.npz
pubmedqa,mistral,mean_answer,egh_probe_oof,1.0,1000,0.513,0.7173089008169522,0.7170098746752804,0.685788292885991,0.748670801461788,0.3757459995636343,0.3216868078032175,0.43056599726965067,C:\Users\nikla\Desktop\Peojekt\uqlm_white_box_scorer\phase_2_medical\outputs\ablations\hidden_pooling\pubmedqa_mistral\mean_answer\pubmedqa_mistral_pool_mean_answer.B5000.manifest.json,C:\Users\nikla\Desktop\Peojekt\uqlm_white_box_scorer\phase_2_medical\outputs\ablations\hidden_pooling\pubmedqa_mistral\mean_answer\pubmedqa_mistral_pool_mean_answer.B5000.results.jsonl,C:\Users\nikla\Desktop\Peojekt\uqlm_white_box_scorer\phase_2_medical\outputs\ablations\hidden_pooling\pubmedqa_mistral\mean_answer\pubmedqa_mistral_pool_mean_answer.B5000.manifest.bootstrap_indices.npz
pubmedqa,mistral,mean_answer,egh_probe_scalar_only,1.0,1000,0.513,0.5468536730830041,0.546914600670053,0.5107006336283327,0.5829070451625299,0.08123120603917687,0.018527821641834637,0.14355103980049813,C:\Users\nikla\Desktop\Peojekt\uqlm_white_box_scorer\phase_2_medical\outputs\ablations\hidden_pooling\pubmedqa_mistral\mean_answer\pubmedqa_mistral_pool_mean_answer.B5000.manifest.json,C:\Users\nikla\Desktop\Peojekt\uqlm_white_box_scorer\phase_2_medical\outputs\ablations\hidden_pooling\pubmedqa_mistral\mean_answer\pubmedqa_mistral_pool_mean_answer.B5000.results.jsonl,C:\Users\nikla\Desktop\Peojekt\uqlm_white_box_scorer\phase_2_medical\outputs\ablations\hidden_pooling\pubmedqa_mistral\mean_answer\pubmedqa_mistral_pool_mean_answer.B5000.manifest.bootstrap_indices.npz
pubmedqa,mistral,mean_answer,hidden_probe_oof,1.0,1000,0.513,0.6863159495819173,0.6865352922575662,0.6532202769071894,0.7194677602058991,0.32298018676266166,0.26529622643641354,0.3800018245723876,C:\Users\nikla\Desktop\Peojekt\uqlm_white_box_scorer\phase_2_medical\outputs\ablations\hidden_pooling\pubmedqa_mistral\mean_answer\pubmedqa_mistral_pool_mean_answer.B5000.manifest.json,C:\Users\nikla\Desktop\Peojekt\uqlm_white_box_scorer\phase_2_medical\outputs\ablations\hidden_pooling\pubmedqa_mistral\mean_answer\pubmedqa_mistral_pool_mean_answer.B5000.results.jsonl,C:\Users\nikla\Desktop\Peojekt\uqlm_white_box_scorer\phase_2_medical\outputs\ablations\hidden_pooling\pubmedqa_mistral\mean_answer\pubmedqa_mistral_pool_mean_answer.B5000.manifest.bootstrap_indices.npz
pubmedqa,mistral,mean_answer,lntp,1.0,1000,0.513,0.7128078581120839,0.712699408800349,0.6805072228826687,0.7441522969527398,0.3683127307825346,0.3125693630297912,0.4227740245798434,C:\Users\nikla\Desktop\Peojekt\uqlm_white_box_scorer\phase_2_medical\outputs\ablations\hidden_pooling\pubmedqa_mistral\mean_answer\pubmedqa_mistral_pool_mean_answer.B5000.manifest.json,C:\Users\nikla\Desktop\Peojekt\uqlm_white_box_scorer\phase_2_medical\outputs\ablations\hidden_pooling\pubmedqa_mistral\mean_answer\pubmedqa_mistral_pool_mean_answer.B5000.results.jsonl,C:\Users\nikla\Desktop\Peojekt\uqlm_white_box_scorer\phase_2_medical\outputs\ablations\hidden_pooling\pubmedqa_mistral\mean_answer\pubmedqa_mistral_pool_mean_answer.B5000.manifest.bootstrap_indices.npz
pubmedqa,mistral,mean_answer,mtp,1.0,1000,0.513,0.7128078581120839,0.712699408800349,0.6805072228826687,0.7441522969527398,0.3683127307825346,0.3125693630297912,0.4227740245798434,C:\Users\nikla\Desktop\Peojekt\uqlm_white_box_scorer\phase_2_medical\outputs\ablations\hidden_pooling\pubmedqa_mistral\mean_answer\pubmedqa_mistral_pool_mean_answer.B5000.manifest.json,C:\Users\nikla\Desktop\Peojekt\uqlm_white_box_scorer\phase_2_medical\outputs\ablations\hidden_pooling\pubmedqa_mistral\mean_answer\pubmedqa_mistral_pool_mean_answer.B5000.results.jsonl,C:\Users\nikla\Desktop\Peojekt\uqlm_white_box_scorer\phase_2_medical\outputs\ablations\hidden_pooling\pubmedqa_mistral\mean_answer\pubmedqa_mistral_pool_mean_answer.B5000.manifest.bootstrap_indices.npz
